status,run_dir,run_name,run_group,c3,d4,lhe_file,mg5_generated_events,herwig_input,herwig_run,herwig_output_root,herwig_output_var_root,nevents,seed,reason
skipped_existing,/home/apapaefs/Projects/QuadrupleHiggsAnalysis/Signals/c3d4_40k/Events/run_gg_4h_5_-0.258819_0.0,HW-run_gg_4h_5_-0.258819_0.0,5,-0.258819,0.0,/home/apapaefs/Projects/QuadrupleHiggsAnalysis/Signals/c3d4_40k/Events/run_gg_4h_5_-0.258819_0.0/unweighted_events.lhe.gz,40000,/home/apapaefs/Projects/QuadrupleHiggsAnalysis/HerwigSignalPoints/c3d4_40k/HW-run_gg_4h_5_-0.258819_0.0.in,/home/apapaefs/Projects/QuadrupleHiggsAnalysis/HerwigSignalPoints/c3d4_40k/HW-run_gg_4h_5_-0.258819_0.0.run,/home/apapaefs/Projects/QuadrupleHiggsAnalysis/HerwigSignalPoints/c3d4_40k/events/HW-run_gg_4h_5_-0.258819_0.0.root,/home/apapaefs/Projects/QuadrupleHiggsAnalysis/HerwigSignalPoints/c3d4_40k/events/HW-run_gg_4h_5_-0.258819_0.0_var.smearCMS.root,40000,100300516,existing target(s): /home/apapaefs/Projects/QuadrupleHiggsAnalysis/HerwigSignalPoints/c3d4_40k/HW-run_gg_4h_5_-0.258819_0.0.in;/home/apapaefs/Projects/QuadrupleHiggsAnalysis/HerwigSignalPoints/c3d4_40k/HW-run_gg_4h_5_-0.258819_0.0.run
skipped_existing,/home/apapaefs/Projects/QuadrupleHiggsAnalysis/Signals/c3d4_40k/Events/run_gg_4h_5_-0.5_-100.0,HW-run_gg_4h_5_-0.5_-100.0,5,-0.5,-100.0,/home/apapaefs/Projects/QuadrupleHiggsAnalysis/Signals/c3d4_40k/Events/run_gg_4h_5_-0.5_-100.0/unweighted_events.lhe.gz,40000,/home/apapaefs/Projects/QuadrupleHiggsAnalysis/HerwigSignalPoints/c3d4_40k/HW-run_gg_4h_5_-0.5_-100.0.in,/home/apapaefs/Projects/QuadrupleHiggsAnalysis/HerwigSignalPoints/c3d4_40k/HW-run_gg_4h_5_-0.5_-100.0.run,/home/apapaefs/Projects/QuadrupleHiggsAnalysis/HerwigSignalPoints/c3d4_40k/events/HW-run_gg_4h_5_-0.5_-100.0.root,/home/apapaefs/Projects/QuadrupleHiggsAnalysis/HerwigSignalPoints/c3d4_40k/events/HW-run_gg_4h_5_-0.5_-100.0_var.smearCMS.root,40000,77982654,existing target(s): /home/apapaefs/Projects/QuadrupleHiggsAnalysis/HerwigSignalPoints/c3d4_40k/HW-run_gg_4h_5_-0.5_-100.0.in
skipped_existing,/home/apapaefs/Projects/QuadrupleHiggsAnalysis/Signals/c3d4_40k/Events/run_gg_4h_5_-0.5_-70.7107,HW-run_gg_4h_5_-0.5_-70.7107,5,-0.5,-70.7107,/home/apapaefs/Projects/QuadrupleHiggsAnalysis/Signals/c3d4_40k/Events/run_gg_4h_5_-0.5_-70.7107/unweighted_events.lhe.gz,40000,/home/apapaefs/Projects/QuadrupleHiggsAnalysis/HerwigSignalPoints/c3d4_40k/HW-run_gg_4h_5_-0.5_-70.7107.in,/home/apapaefs/Projects/QuadrupleHiggsAnalysis/HerwigSignalPoints/c3d4_40k/HW-run_gg_4h_5_-0.5_-70.7107.run,/home/apapaefs/Projects/QuadrupleHiggsAnalysis/HerwigSignalPoints/c3d4_40k/events/HW-run_gg_4h_5_-0.5_-70.7107.root,/home/apapaefs/Projects/QuadrupleHiggsAnalysis/HerwigSignalPoints/c3d4_40k/events/HW-run_gg_4h_5_-0.5_-70.7107_var.smearCMS.root,40000,97698817,existing target(s): /home/apapaefs/Projects/QuadrupleHiggsAnalysis/HerwigSignalPoints/c3d4_40k/HW-run_gg_4h_5_-0.5_-70.7107.in
skipped_existing,/home/apapaefs/Projects/QuadrupleHiggsAnalysis/Signals/c3d4_40k/Events/run_gg_4h_5_-0.5_0.0,HW-run_gg_4h_5_-0.5_0.0,5,-0.5,0.0,/home/apapaefs/Projects/QuadrupleHiggsAnalysis/Signals/c3d4_40k/Events/run_gg_4h_5_-0.5_0.0/unweighted_events.lhe.gz,40000,/home/apapaefs/Projects/QuadrupleHiggsAnalysis/HerwigSignalPoints/c3d4_40k/HW-run_gg_4h_5_-0.5_0.0.in,/home/apapaefs/Projects/QuadrupleHiggsAnalysis/HerwigSignalPoints/c3d4_40k/HW-run_gg_4h_5_-0.5_0.0.run,/home/apapaefs/Projects/QuadrupleHiggsAnalysis/HerwigSignalPoints/c3d4_40k/events/HW-run_gg_4h_5_-0.5_0.0.root,/home/apapaefs/Projects/QuadrupleHiggsAnalysis/HerwigSignalPoints/c3d4_40k/events/HW-run_gg_4h_5_-0.5_0.0_var.smearCMS.root,40000,126913533,existing target(s): /home/apapaefs/Projects/QuadrupleHiggsAnalysis/HerwigSignalPoints/c3d4_40k/HW-run_gg_4h_5_-0.5_0.0.in
skipped_existing,/home/apapaefs/Projects/QuadrupleHiggsAnalysis/Signals/c3d4_40k/Events/run_gg_4h_5_-0.5_100.0,HW-run_gg_4h_5_-0.5_100.0,5,-0.5,100.0,/home/apapaefs/Projects/QuadrupleHiggsAnalysis/Signals/c3d4_40k/Events/run_gg_4h_5_-0.5_100.0/unweighted_events.lhe.gz,40000,/home/apapaefs/Projects/QuadrupleHiggsAnalysis/HerwigSignalPoints/c3d4_40k/HW-run_gg_4h_5_-0.5_100.0.in,/home/apapaefs/Projects/QuadrupleHiggsAnalysis/HerwigSignalPoints/c3d4_40k/HW-run_gg_4h_5_-0.5_100.0.run,/home/apapaefs/Projects/QuadrupleHiggsAnalysis/HerwigSignalPoints/c3d4_40k/events/HW-run_gg_4h_5_-0.5_100.0.root,/home/apapaefs/Projects/QuadrupleHiggsAnalysis/HerwigSignalPoints/c3d4_40k/events/HW-run_gg_4h_5_-0.5_100.0_var.smearCMS.root,40000,69831407,existing target(s): /home/apapaefs/Projects/QuadrupleHiggsAnalysis/HerwigSignalPoints/c3d4_40k/HW-run_gg_4h_5_-0.5_100.0.in
skipped_existing,/home/apapaefs/Projects/QuadrupleHiggsAnalysis/Signals/c3d4_40k/Events/run_gg_4h_5_-0.5_70.7107,HW-run_gg_4h_5_-0.5_70.7107,5,-0.5,70.7107,/home/apapaefs/Projects/QuadrupleHiggsAnalysis/Signals/c3d4_40k/Events/run_gg_4h_5_-0.5_70.7107/unweighted_events.lhe.gz,40000,/home/apapaefs/Projects/QuadrupleHiggsAnalysis/HerwigSignalPoints/c3d4_40k/HW-run_gg_4h_5_-0.5_70.7107.in,/home/apapaefs/Projects/QuadrupleHiggsAnalysis/HerwigSignalPoints/c3d4_40k/HW-run_gg_4h_5_-0.5_70.7107.run,/home/apapaefs/Projects/QuadrupleHiggsAnalysis/HerwigSignalPoints/c3d4_40k/events/HW-run_gg_4h_5_-0.5_70.7107.root,/home/apapaefs/Projects/QuadrupleHiggsAnalysis/HerwigSignalPoints/c3d4_40k/events/HW-run_gg_4h_5_-0.5_70.7107_var.smearCMS.root,40000,71570455,existing target(s): /home/apapaefs/Projects/QuadrupleHiggsAnalysis/HerwigSignalPoints/c3d4_40k/HW-run_gg_4h_5_-0.5_70.7107.in
skipped_existing,/home/apapaefs/Projects/QuadrupleHiggsAnalysis/Signals/c3d4_40k/Events/run_gg_4h_5_-0.707107_0.0,HW-run_gg_4h_5_-0.707107_0.0,5,-0.707107,0.0,/home/apapaefs/Projects/QuadrupleHiggsAnalysis/Signals/c3d4_40k/Events/run_gg_4h_5_-0.707107_0.0/unweighted_events.lhe.gz,40000,/home/apapaefs/Projects/QuadrupleHiggsAnalysis/HerwigSignalPoints/c3d4_40k/HW-run_gg_4h_5_-0.707107_0.0.in,/home/apapaefs/Projects/QuadrupleHiggsAnalysis/HerwigSignalPoints/c3d4_40k/HW-run_gg_4h_5_-0.707107_0.0.run,/home/apapaefs/Projects/QuadrupleHiggsAnalysis/HerwigSignalPoints/c3d4_40k/events/HW-run_gg_4h_5_-0.707107_0.0.root,/home/apapaefs/Projects/QuadrupleHiggsAnalysis/HerwigSignalPoints/c3d4_40k/events/HW-run_gg_4h_5_-0.707107_0.0_var.smearCMS.root,40000,129281110,existing target(s): /home/apapaefs/Projects/QuadrupleHiggsAnalysis/HerwigSignalPoints/c3d4_40k/HW-run_gg_4h_5_-0.707107_0.0.in
skipped_existing,/home/apapaefs/Projects/QuadrupleHiggsAnalysis/Signals/c3d4_40k/Events/run_gg_4h_5_-0.866025_-100.0,HW-run_gg_4h_5_-0.866025_-100.0,5,-0.866025,-100.0,/home/apapaefs/Projects/QuadrupleHiggsAnalysis/Signals/c3d4_40k/Events/run_gg_4h_5_-0.866025_-100.0/unweighted_events.lhe.gz,40000,/home/apapaefs/Projects/QuadrupleHiggsAnalysis/HerwigSignalPoints/c3d4_40k/HW-run_gg_4h_5_-0.866025_-100.0.in,/home/apapaefs/Projects/QuadrupleHiggsAnalysis/HerwigSignalPoints/c3d4_40k/HW-run_gg_4h_5_-0.866025_-100.0.run,/home/apapaefs/Projects/QuadrupleHiggsAnalysis/HerwigSignalPoints/c3d4_40k/events/HW-run_gg_4h_5_-0.866025_-100.0.root,/home/apapaefs/Projects/QuadrupleHiggsAnalysis/HerwigSignalPoints/c3d4_40k/events/HW-run_gg_4h_5_-0.866025_-100.0_var.smearCMS.root,40000,101106867,existing target(s): /home/apapaefs/Projects/QuadrupleHiggsAnalysis/HerwigSignalPoints/c3d4_40k/HW-run_gg_4h_5_-0.866025_-100.0.in
skipped_existing,/home/apapaefs/Projects/QuadrupleHiggsAnalysis/Signals/c3d4_40k/Events/run_gg_4h_5_-0.866025_-70.7107,HW-run_gg_4h_5_-0.866025_-70.7107,5,-0.866025,-70.7107,/home/apapaefs/Projects/QuadrupleHiggsAnalysis/Signals/c3d4_40k/Events/run_gg_4h_5_-0.866025_-70.7107/unweighted_events.lhe.gz,40000,/home/apapaefs/Projects/QuadrupleHiggsAnalysis/HerwigSignalPoints/c3d4_40k/HW-run_gg_4h_5_-0.866025_-70.7107.in,/home/apapaefs/Projects/QuadrupleHiggsAnalysis/HerwigSignalPoints/c3d4_40k/HW-run_gg_4h_5_-0.866025_-70.7107.run,/home/apapaefs/Projects/QuadrupleHiggsAnalysis/HerwigSignalPoints/c3d4_40k/events/HW-run_gg_4h_5_-0.866025_-70.7107.root,/home/apapaefs/Projects/QuadrupleHiggsAnalysis/HerwigSignalPoints/c3d4_40k/events/HW-run_gg_4h_5_-0.866025_-70.7107_var.smearCMS.root,40000,46536432,existing target(s): /home/apapaefs/Projects/QuadrupleHiggsAnalysis/HerwigSignalPoints/c3d4_40k/HW-run_gg_4h_5_-0.866025_-70.7107.in
skipped_existing,/home/apapaefs/Projects/QuadrupleHiggsAnalysis/Signals/c3d4_40k/Events/run_gg_4h_5_-0.866025_0.0,HW-run_gg_4h_5_-0.866025_0.0,5,-0.866025,0.0,/home/apapaefs/Projects/QuadrupleHiggsAnalysis/Signals/c3d4_40k/Events/run_gg_4h_5_-0.866025_0.0/unweighted_events.lhe.gz,40000,/home/apapaefs/Projects/QuadrupleHiggsAnalysis/HerwigSignalPoints/c3d4_40k/HW-run_gg_4h_5_-0.866025_0.0.in,/home/apapaefs/Projects/QuadrupleHiggsAnalysis/HerwigSignalPoints/c3d4_40k/HW-run_gg_4h_5_-0.866025_0.0.run,/home/apapaefs/Projects/QuadrupleHiggsAnalysis/HerwigSignalPoints/c3d4_40k/events/HW-run_gg_4h_5_-0.866025_0.0.root,/home/apapaefs/Projects/QuadrupleHiggsAnalysis/HerwigSignalPoints/c3d4_40k/events/HW-run_gg_4h_5_-0.866025_0.0_var.smearCMS.root,40000,110248471,existing target(s): /home/apapaefs/Projects/QuadrupleHiggsAnalysis/HerwigSignalPoints/c3d4_40k/HW-run_gg_4h_5_-0.866025_0.0.in
skipped_existing,/home/apapaefs/Projects/QuadrupleHiggsAnalysis/Signals/c3d4_40k/Events/run_gg_4h_5_-0.866025_100.0,HW-run_gg_4h_5_-0.866025_100.0,5,-0.866025,100.0,/home/apapaefs/Projects/QuadrupleHiggsAnalysis/Signals/c3d4_40k/Events/run_gg_4h_5_-0.866025_100.0/unweighted_events.lhe.gz,40000,/home/apapaefs/Projects/QuadrupleHiggsAnalysis/HerwigSignalPoints/c3d4_40k/HW-run_gg_4h_5_-0.866025_100.0.in,/home/apapaefs/Projects/QuadrupleHiggsAnalysis/HerwigSignalPoints/c3d4_40k/HW-run_gg_4h_5_-0.866025_100.0.run,/home/apapaefs/Projects/QuadrupleHiggsAnalysis/HerwigSignalPoints/c3d4_40k/events/HW-run_gg_4h_5_-0.866025_100.0.root,/home/apapaefs/Projects/QuadrupleHiggsAnalysis/HerwigSignalPoints/c3d4_40k/events/HW-run_gg_4h_5_-0.866025_100.0_var.smearCMS.root,40000,36473099,existing target(s): /home/apapaefs/Projects/QuadrupleHiggsAnalysis/HerwigSignalPoints/c3d4_40k/HW-run_gg_4h_5_-0.866025_100.0.in
skipped_existing,/home/apapaefs/Projects/QuadrupleHiggsAnalysis/Signals/c3d4_40k/Events/run_gg_4h_5_-0.866025_70.7107,HW-run_gg_4h_5_-0.866025_70.7107,5,-0.866025,70.7107,/home/apapaefs/Projects/QuadrupleHiggsAnalysis/Signals/c3d4_40k/Events/run_gg_4h_5_-0.866025_70.7107/unweighted_events.lhe.gz,40000,/home/apapaefs/Projects/QuadrupleHiggsAnalysis/HerwigSignalPoints/c3d4_40k/HW-run_gg_4h_5_-0.866025_70.7107.in,/home/apapaefs/Projects/QuadrupleHiggsAnalysis/HerwigSignalPoints/c3d4_40k/HW-run_gg_4h_5_-0.866025_70.7107.run,/home/apapaefs/Projects/QuadrupleHiggsAnalysis/HerwigSignalPoints/c3d4_40k/events/HW-run_gg_4h_5_-0.866025_70.7107.root,/home/apapaefs/Projects/QuadrupleHiggsAnalysis/HerwigSignalPoints/c3d4_40k/events/HW-run_gg_4h_5_-0.866025_70.7107_var.smearCMS.root,40000,46555161,existing target(s): /home/apapaefs/Projects/QuadrupleHiggsAnalysis/HerwigSignalPoints/c3d4_40k/HW-run_gg_4h_5_-0.866025_70.7107.in
skipped_existing,/home/apapaefs/Projects/QuadrupleHiggsAnalysis/Signals/c3d4_40k/Events/run_gg_4h_5_-0.965926_0.0,HW-run_gg_4h_5_-0.965926_0.0,5,-0.965926,0.0,/home/apapaefs/Projects/QuadrupleHiggsAnalysis/Signals/c3d4_40k/Events/run_gg_4h_5_-0.965926_0.0/unweighted_events.lhe.gz,40000,/home/apapaefs/Projects/QuadrupleHiggsAnalysis/HerwigSignalPoints/c3d4_40k/HW-run_gg_4h_5_-0.965926_0.0.in,/home/apapaefs/Projects/QuadrupleHiggsAnalysis/HerwigSignalPoints/c3d4_40k/HW-run_gg_4h_5_-0.965926_0.0.run,/home/apapaefs/Projects/QuadrupleHiggsAnalysis/HerwigSignalPoints/c3d4_40k/events/HW-run_gg_4h_5_-0.965926_0.0.root,/home/apapaefs/Projects/QuadrupleHiggsAnalysis/HerwigSignalPoints/c3d4_40k/events/HW-run_gg_4h_5_-0.965926_0.0_var.smearCMS.root,40000,46772030,existing target(s): /home/apapaefs/Projects/QuadrupleHiggsAnalysis/HerwigSignalPoints/c3d4_40k/HW-run_gg_4h_5_-0.965926_0.0.in
skipped_existing,/home/apapaefs/Projects/QuadrupleHiggsAnalysis/Signals/c3d4_40k/Events/run_gg_4h_5_-1.0_-100.0,HW-run_gg_4h_5_-1.0_-100.0,5,-1.0,-100.0,/home/apapaefs/Projects/QuadrupleHiggsAnalysis/Signals/c3d4_40k/Events/run_gg_4h_5_-1.0_-100.0/unweighted_events.lhe.gz,40000,/home/apapaefs/Projects/QuadrupleHiggsAnalysis/HerwigSignalPoints/c3d4_40k/HW-run_gg_4h_5_-1.0_-100.0.in,/home/apapaefs/Projects/QuadrupleHiggsAnalysis/HerwigSignalPoints/c3d4_40k/HW-run_gg_4h_5_-1.0_-100.0.run,/home/apapaefs/Projects/QuadrupleHiggsAnalysis/HerwigSignalPoints/c3d4_40k/events/HW-run_gg_4h_5_-1.0_-100.0.root,/home/apapaefs/Projects/QuadrupleHiggsAnalysis/HerwigSignalPoints/c3d4_40k/events/HW-run_gg_4h_5_-1.0_-100.0_var.smearCMS.root,40000,102846317,existing target(s): /home/apapaefs/Projects/QuadrupleHiggsAnalysis/HerwigSignalPoints/c3d4_40k/HW-run_gg_4h_5_-1.0_-100.0.in
skipped_existing,/home/apapaefs/Projects/QuadrupleHiggsAnalysis/Signals/c3d4_40k/Events/run_gg_4h_5_-1.0_-70.7107,HW-run_gg_4h_5_-1.0_-70.7107,5,-1.0,-70.7107,/home/apapaefs/Projects/QuadrupleHiggsAnalysis/Signals/c3d4_40k/Events/run_gg_4h_5_-1.0_-70.7107/unweighted_events.lhe.gz,40000,/home/apapaefs/Projects/QuadrupleHiggsAnalysis/HerwigSignalPoints/c3d4_40k/HW-run_gg_4h_5_-1.0_-70.7107.in,/home/apapaefs/Projects/QuadrupleHiggsAnalysis/HerwigSignalPoints/c3d4_40k/HW-run_gg_4h_5_-1.0_-70.7107.run,/home/apapaefs/Projects/QuadrupleHiggsAnalysis/HerwigSignalPoints/c3d4_40k/events/HW-run_gg_4h_5_-1.0_-70.7107.root,/home/apapaefs/Projects/QuadrupleHiggsAnalysis/HerwigSignalPoints/c3d4_40k/events/HW-run_gg_4h_5_-1.0_-70.7107_var.smearCMS.root,40000,52861501,existing target(s): /home/apapaefs/Projects/QuadrupleHiggsAnalysis/HerwigSignalPoints/c3d4_40k/HW-run_gg_4h_5_-1.0_-70.7107.in
skipped_existing,/home/apapaefs/Projects/QuadrupleHiggsAnalysis/Signals/c3d4_40k/Events/run_gg_4h_5_-1.0_0.0,HW-run_gg_4h_5_-1.0_0.0,5,-1.0,0.0,/home/apapaefs/Projects/QuadrupleHiggsAnalysis/Signals/c3d4_40k/Events/run_gg_4h_5_-1.0_0.0/unweighted_events.lhe.gz,40000,/home/apapaefs/Projects/QuadrupleHiggsAnalysis/HerwigSignalPoints/c3d4_40k/HW-run_gg_4h_5_-1.0_0.0.in,/home/apapaefs/Projects/QuadrupleHiggsAnalysis/HerwigSignalPoints/c3d4_40k/HW-run_gg_4h_5_-1.0_0.0.run,/home/apapaefs/Projects/QuadrupleHiggsAnalysis/HerwigSignalPoints/c3d4_40k/events/HW-run_gg_4h_5_-1.0_0.0.root,/home/apapaefs/Projects/QuadrupleHiggsAnalysis/HerwigSignalPoints/c3d4_40k/events/HW-run_gg_4h_5_-1.0_0.0_var.smearCMS.root,40000,76083906,existing target(s): /home/apapaefs/Projects/QuadrupleHiggsAnalysis/HerwigSignalPoints/c3d4_40k/HW-run_gg_4h_5_-1.0_0.0.in
skipped_existing,/home/apapaefs/Projects/QuadrupleHiggsAnalysis/Signals/c3d4_40k/Events/run_gg_4h_5_-1.0_100.0,HW-run_gg_4h_5_-1.0_100.0,5,-1.0,100.0,/home/apapaefs/Projects/QuadrupleHiggsAnalysis/Signals/c3d4_40k/Events/run_gg_4h_5_-1.0_100.0/unweighted_events.lhe.gz,40000,/home/apapaefs/Projects/QuadrupleHiggsAnalysis/HerwigSignalPoints/c3d4_40k/HW-run_gg_4h_5_-1.0_100.0.in,/home/apapaefs/Projects/QuadrupleHiggsAnalysis/HerwigSignalPoints/c3d4_40k/HW-run_gg_4h_5_-1.0_100.0.run,/home/apapaefs/Projects/QuadrupleHiggsAnalysis/HerwigSignalPoints/c3d4_40k/events/HW-run_gg_4h_5_-1.0_100.0.root,/home/apapaefs/Projects/QuadrupleHiggsAnalysis/HerwigSignalPoints/c3d4_40k/events/HW-run_gg_4h_5_-1.0_100.0_var.smearCMS.root,40000,40741153,existing target(s): /home/apapaefs/Projects/QuadrupleHiggsAnalysis/HerwigSignalPoints/c3d4_40k/HW-run_gg_4h_5_-1.0_100.0.in
skipped_existing,/home/apapaefs/Projects/QuadrupleHiggsAnalysis/Signals/c3d4_40k/Events/run_gg_4h_5_-1.0_70.7107,HW-run_gg_4h_5_-1.0_70.7107,5,-1.0,70.7107,/home/apapaefs/Projects/QuadrupleHiggsAnalysis/Signals/c3d4_40k/Events/run_gg_4h_5_-1.0_70.7107/unweighted_events.lhe.gz,40000,/home/apapaefs/Projects/QuadrupleHiggsAnalysis/HerwigSignalPoints/c3d4_40k/HW-run_gg_4h_5_-1.0_70.7107.in,/home/apapaefs/Projects/QuadrupleHiggsAnalysis/HerwigSignalPoints/c3d4_40k/HW-run_gg_4h_5_-1.0_70.7107.run,/home/apapaefs/Projects/QuadrupleHiggsAnalysis/HerwigSignalPoints/c3d4_40k/events/HW-run_gg_4h_5_-1.0_70.7107.root,/home/apapaefs/Projects/QuadrupleHiggsAnalysis/HerwigSignalPoints/c3d4_40k/events/HW-run_gg_4h_5_-1.0_70.7107_var.smearCMS.root,40000,34582078,existing target(s): /home/apapaefs/Projects/QuadrupleHiggsAnalysis/HerwigSignalPoints/c3d4_40k/HW-run_gg_4h_5_-1.0_70.7107.in
skipped_existing,/home/apapaefs/Projects/QuadrupleHiggsAnalysis/Signals/c3d4_40k/Events/run_gg_4h_5_-1.5_-150.0,HW-run_gg_4h_5_-1.5_-150.0,5,-1.5,-150.0,/home/apapaefs/Projects/QuadrupleHiggsAnalysis/Signals/c3d4_40k/Events/run_gg_4h_5_-1.5_-150.0/unweighted_events.lhe.gz,40000,/home/apapaefs/Projects/QuadrupleHiggsAnalysis/HerwigSignalPoints/c3d4_40k/HW-run_gg_4h_5_-1.5_-150.0.in,/home/apapaefs/Projects/QuadrupleHiggsAnalysis/HerwigSignalPoints/c3d4_40k/HW-run_gg_4h_5_-1.5_-150.0.run,/home/apapaefs/Projects/QuadrupleHiggsAnalysis/HerwigSignalPoints/c3d4_40k/events/HW-run_gg_4h_5_-1.5_-150.0.root,/home/apapaefs/Projects/QuadrupleHiggsAnalysis/HerwigSignalPoints/c3d4_40k/events/HW-run_gg_4h_5_-1.5_-150.0_var.smearCMS.root,40000,68962017,existing target(s): /home/apapaefs/Projects/QuadrupleHiggsAnalysis/HerwigSignalPoints/c3d4_40k/HW-run_gg_4h_5_-1.5_-150.0.in
skipped_existing,/home/apapaefs/Projects/QuadrupleHiggsAnalysis/Signals/c3d4_40k/Events/run_gg_4h_5_-1.5_-250.0,HW-run_gg_4h_5_-1.5_-250.0,5,-1.5,-250.0,/home/apapaefs/Projects/QuadrupleHiggsAnalysis/Signals/c3d4_40k/Events/run_gg_4h_5_-1.5_-250.0/unweighted_events.lhe.gz,40000,/home/apapaefs/Projects/QuadrupleHiggsAnalysis/HerwigSignalPoints/c3d4_40k/HW-run_gg_4h_5_-1.5_-250.0.in,/home/apapaefs/Projects/QuadrupleHiggsAnalysis/HerwigSignalPoints/c3d4_40k/HW-run_gg_4h_5_-1.5_-250.0.run,/home/apapaefs/Projects/QuadrupleHiggsAnalysis/HerwigSignalPoints/c3d4_40k/events/HW-run_gg_4h_5_-1.5_-250.0.root,/home/apapaefs/Projects/QuadrupleHiggsAnalysis/HerwigSignalPoints/c3d4_40k/events/HW-run_gg_4h_5_-1.5_-250.0_var.smearCMS.root,40000,34129865,existing target(s): /home/apapaefs/Projects/QuadrupleHiggsAnalysis/HerwigSignalPoints/c3d4_40k/HW-run_gg_4h_5_-1.5_-250.0.in
skipped_existing,/home/apapaefs/Projects/QuadrupleHiggsAnalysis/Signals/c3d4_40k/Events/run_gg_4h_5_-1.5_-350.0,HW-run_gg_4h_5_-1.5_-350.0,5,-1.5,-350.0,/home/apapaefs/Projects/QuadrupleHiggsAnalysis/Signals/c3d4_40k/Events/run_gg_4h_5_-1.5_-350.0/unweighted_events.lhe.gz,40000,/home/apapaefs/Projects/QuadrupleHiggsAnalysis/HerwigSignalPoints/c3d4_40k/HW-run_gg_4h_5_-1.5_-350.0.in,/home/apapaefs/Projects/QuadrupleHiggsAnalysis/HerwigSignalPoints/c3d4_40k/HW-run_gg_4h_5_-1.5_-350.0.run,/home/apapaefs/Projects/QuadrupleHiggsAnalysis/HerwigSignalPoints/c3d4_40k/events/HW-run_gg_4h_5_-1.5_-350.0.root,/home/apapaefs/Projects/QuadrupleHiggsAnalysis/HerwigSignalPoints/c3d4_40k/events/HW-run_gg_4h_5_-1.5_-350.0_var.smearCMS.root,40000,60738150,existing target(s): /home/apapaefs/Projects/QuadrupleHiggsAnalysis/HerwigSignalPoints/c3d4_40k/HW-run_gg_4h_5_-1.5_-350.0.in
skipped_existing,/home/apapaefs/Projects/QuadrupleHiggsAnalysis/Signals/c3d4_40k/Events/run_gg_4h_5_-1.5_150.0,HW-run_gg_4h_5_-1.5_150.0,5,-1.5,150.0,/home/apapaefs/Projects/QuadrupleHiggsAnalysis/Signals/c3d4_40k/Events/run_gg_4h_5_-1.5_150.0/unweighted_events.lhe.gz,40000,/home/apapaefs/Projects/QuadrupleHiggsAnalysis/HerwigSignalPoints/c3d4_40k/HW-run_gg_4h_5_-1.5_150.0.in,/home/apapaefs/Projects/QuadrupleHiggsAnalysis/HerwigSignalPoints/c3d4_40k/HW-run_gg_4h_5_-1.5_150.0.run,/home/apapaefs/Projects/QuadrupleHiggsAnalysis/HerwigSignalPoints/c3d4_40k/events/HW-run_gg_4h_5_-1.5_150.0.root,/home/apapaefs/Projects/QuadrupleHiggsAnalysis/HerwigSignalPoints/c3d4_40k/events/HW-run_gg_4h_5_-1.5_150.0_var.smearCMS.root,40000,51192598,existing target(s): /home/apapaefs/Projects/QuadrupleHiggsAnalysis/HerwigSignalPoints/c3d4_40k/HW-run_gg_4h_5_-1.5_150.0.in
skipped_existing,/home/apapaefs/Projects/QuadrupleHiggsAnalysis/Signals/c3d4_40k/Events/run_gg_4h_5_-1.5_250.0,HW-run_gg_4h_5_-1.5_250.0,5,-1.5,250.0,/home/apapaefs/Projects/QuadrupleHiggsAnalysis/Signals/c3d4_40k/Events/run_gg_4h_5_-1.5_250.0/unweighted_events.lhe.gz,40000,/home/apapaefs/Projects/QuadrupleHiggsAnalysis/HerwigSignalPoints/c3d4_40k/HW-run_gg_4h_5_-1.5_250.0.in,/home/apapaefs/Projects/QuadrupleHiggsAnalysis/HerwigSignalPoints/c3d4_40k/HW-run_gg_4h_5_-1.5_250.0.run,/home/apapaefs/Projects/QuadrupleHiggsAnalysis/HerwigSignalPoints/c3d4_40k/events/HW-run_gg_4h_5_-1.5_250.0.root,/home/apapaefs/Projects/QuadrupleHiggsAnalysis/HerwigSignalPoints/c3d4_40k/events/HW-run_gg_4h_5_-1.5_250.0_var.smearCMS.root,40000,61795685,existing target(s): /home/apapaefs/Projects/QuadrupleHiggsAnalysis/HerwigSignalPoints/c3d4_40k/HW-run_gg_4h_5_-1.5_250.0.in
skipped_existing,/home/apapaefs/Projects/QuadrupleHiggsAnalysis/Signals/c3d4_40k/Events/run_gg_4h_5_-1.5_350.0,HW-run_gg_4h_5_-1.5_350.0,5,-1.5,350.0,/home/apapaefs/Projects/QuadrupleHiggsAnalysis/Signals/c3d4_40k/Events/run_gg_4h_5_-1.5_350.0/unweighted_events.lhe.gz,40000,/home/apapaefs/Projects/QuadrupleHiggsAnalysis/HerwigSignalPoints/c3d4_40k/HW-run_gg_4h_5_-1.5_350.0.in,/home/apapaefs/Projects/QuadrupleHiggsAnalysis/HerwigSignalPoints/c3d4_40k/HW-run_gg_4h_5_-1.5_350.0.run,/home/apapaefs/Projects/QuadrupleHiggsAnalysis/HerwigSignalPoints/c3d4_40k/events/HW-run_gg_4h_5_-1.5_350.0.root,/home/apapaefs/Projects/QuadrupleHiggsAnalysis/HerwigSignalPoints/c3d4_40k/events/HW-run_gg_4h_5_-1.5_350.0_var.smearCMS.root,40000,41876109,existing target(s): /home/apapaefs/Projects/QuadrupleHiggsAnalysis/HerwigSignalPoints/c3d4_40k/HW-run_gg_4h_5_-1.5_350.0.in
skipped_existing,/home/apapaefs/Projects/QuadrupleHiggsAnalysis/Signals/c3d4_40k/Events/run_gg_4h_5_-10.5_-50.0,HW-run_gg_4h_5_-10.5_-50.0,5,-10.5,-50.0,/home/apapaefs/Projects/QuadrupleHiggsAnalysis/Signals/c3d4_40k/Events/run_gg_4h_5_-10.5_-50.0/unweighted_events.lhe.gz,40000,/home/apapaefs/Projects/QuadrupleHiggsAnalysis/HerwigSignalPoints/c3d4_40k/HW-run_gg_4h_5_-10.5_-50.0.in,/home/apapaefs/Projects/QuadrupleHiggsAnalysis/HerwigSignalPoints/c3d4_40k/HW-run_gg_4h_5_-10.5_-50.0.run,/home/apapaefs/Projects/QuadrupleHiggsAnalysis/HerwigSignalPoints/c3d4_40k/events/HW-run_gg_4h_5_-10.5_-50.0.root,/home/apapaefs/Projects/QuadrupleHiggsAnalysis/HerwigSignalPoints/c3d4_40k/events/HW-run_gg_4h_5_-10.5_-50.0_var.smearCMS.root,40000,94206962,existing target(s): /home/apapaefs/Projects/QuadrupleHiggsAnalysis/HerwigSignalPoints/c3d4_40k/HW-run_gg_4h_5_-10.5_-50.0.in
skipped_existing,/home/apapaefs/Projects/QuadrupleHiggsAnalysis/Signals/c3d4_40k/Events/run_gg_4h_5_-10.5_50.0,HW-run_gg_4h_5_-10.5_50.0,5,-10.5,50.0,/home/apapaefs/Projects/QuadrupleHiggsAnalysis/Signals/c3d4_40k/Events/run_gg_4h_5_-10.5_50.0/unweighted_events.lhe.gz,40000,/home/apapaefs/Projects/QuadrupleHiggsAnalysis/HerwigSignalPoints/c3d4_40k/HW-run_gg_4h_5_-10.5_50.0.in,/home/apapaefs/Projects/QuadrupleHiggsAnalysis/HerwigSignalPoints/c3d4_40k/HW-run_gg_4h_5_-10.5_50.0.run,/home/apapaefs/Projects/QuadrupleHiggsAnalysis/HerwigSignalPoints/c3d4_40k/events/HW-run_gg_4h_5_-10.5_50.0.root,/home/apapaefs/Projects/QuadrupleHiggsAnalysis/HerwigSignalPoints/c3d4_40k/events/HW-run_gg_4h_5_-10.5_50.0_var.smearCMS.root,40000,130874845,existing target(s): /home/apapaefs/Projects/QuadrupleHiggsAnalysis/HerwigSignalPoints/c3d4_40k/HW-run_gg_4h_5_-10.5_50.0.in
skipped_existing,/home/apapaefs/Projects/QuadrupleHiggsAnalysis/Signals/c3d4_40k/Events/run_gg_4h_5_-12.0_-100.0,HW-run_gg_4h_5_-12.0_-100.0,5,-12.0,-100.0,/home/apapaefs/Projects/QuadrupleHiggsAnalysis/Signals/c3d4_40k/Events/run_gg_4h_5_-12.0_-100.0/unweighted_events.lhe.gz,40000,/home/apapaefs/Projects/QuadrupleHiggsAnalysis/HerwigSignalPoints/c3d4_40k/HW-run_gg_4h_5_-12.0_-100.0.in,/home/apapaefs/Projects/QuadrupleHiggsAnalysis/HerwigSignalPoints/c3d4_40k/HW-run_gg_4h_5_-12.0_-100.0.run,/home/apapaefs/Projects/QuadrupleHiggsAnalysis/HerwigSignalPoints/c3d4_40k/events/HW-run_gg_4h_5_-12.0_-100.0.root,/home/apapaefs/Projects/QuadrupleHiggsAnalysis/HerwigSignalPoints/c3d4_40k/events/HW-run_gg_4h_5_-12.0_-100.0_var.smearCMS.root,40000,82971772,existing target(s): /home/apapaefs/Projects/QuadrupleHiggsAnalysis/HerwigSignalPoints/c3d4_40k/HW-run_gg_4h_5_-12.0_-100.0.in
skipped_existing,/home/apapaefs/Projects/QuadrupleHiggsAnalysis/Signals/c3d4_40k/Events/run_gg_4h_5_-12.0_-200.0,HW-run_gg_4h_5_-12.0_-200.0,5,-12.0,-200.0,/home/apapaefs/Projects/QuadrupleHiggsAnalysis/Signals/c3d4_40k/Events/run_gg_4h_5_-12.0_-200.0/unweighted_events.lhe.gz,40000,/home/apapaefs/Projects/QuadrupleHiggsAnalysis/HerwigSignalPoints/c3d4_40k/HW-run_gg_4h_5_-12.0_-200.0.in,/home/apapaefs/Projects/QuadrupleHiggsAnalysis/HerwigSignalPoints/c3d4_40k/HW-run_gg_4h_5_-12.0_-200.0.run,/home/apapaefs/Projects/QuadrupleHiggsAnalysis/HerwigSignalPoints/c3d4_40k/events/HW-run_gg_4h_5_-12.0_-200.0.root,/home/apapaefs/Projects/QuadrupleHiggsAnalysis/HerwigSignalPoints/c3d4_40k/events/HW-run_gg_4h_5_-12.0_-200.0_var.smearCMS.root,40000,77859640,existing target(s): /home/apapaefs/Projects/QuadrupleHiggsAnalysis/HerwigSignalPoints/c3d4_40k/HW-run_gg_4h_5_-12.0_-200.0.in
skipped_existing,/home/apapaefs/Projects/QuadrupleHiggsAnalysis/Signals/c3d4_40k/Events/run_gg_4h_5_-12.0_-300.0,HW-run_gg_4h_5_-12.0_-300.0,5,-12.0,-300.0,/home/apapaefs/Projects/QuadrupleHiggsAnalysis/Signals/c3d4_40k/Events/run_gg_4h_5_-12.0_-300.0/unweighted_events.lhe.gz,40000,/home/apapaefs/Projects/QuadrupleHiggsAnalysis/HerwigSignalPoints/c3d4_40k/HW-run_gg_4h_5_-12.0_-300.0.in,/home/apapaefs/Projects/QuadrupleHiggsAnalysis/HerwigSignalPoints/c3d4_40k/HW-run_gg_4h_5_-12.0_-300.0.run,/home/apapaefs/Projects/QuadrupleHiggsAnalysis/HerwigSignalPoints/c3d4_40k/events/HW-run_gg_4h_5_-12.0_-300.0.root,/home/apapaefs/Projects/QuadrupleHiggsAnalysis/HerwigSignalPoints/c3d4_40k/events/HW-run_gg_4h_5_-12.0_-300.0_var.smearCMS.root,40000,32211201,existing target(s): /home/apapaefs/Projects/QuadrupleHiggsAnalysis/HerwigSignalPoints/c3d4_40k/HW-run_gg_4h_5_-12.0_-300.0.in
skipped_existing,/home/apapaefs/Projects/QuadrupleHiggsAnalysis/Signals/c3d4_40k/Events/run_gg_4h_5_-12.0_0.0,HW-run_gg_4h_5_-12.0_0.0,5,-12.0,0.0,/home/apapaefs/Projects/QuadrupleHiggsAnalysis/Signals/c3d4_40k/Events/run_gg_4h_5_-12.0_0.0/unweighted_events.lhe.gz,40000,/home/apapaefs/Projects/QuadrupleHiggsAnalysis/HerwigSignalPoints/c3d4_40k/HW-run_gg_4h_5_-12.0_0.0.in,/home/apapaefs/Projects/QuadrupleHiggsAnalysis/HerwigSignalPoints/c3d4_40k/HW-run_gg_4h_5_-12.0_0.0.run,/home/apapaefs/Projects/QuadrupleHiggsAnalysis/HerwigSignalPoints/c3d4_40k/events/HW-run_gg_4h_5_-12.0_0.0.root,/home/apapaefs/Projects/QuadrupleHiggsAnalysis/HerwigSignalPoints/c3d4_40k/events/HW-run_gg_4h_5_-12.0_0.0_var.smearCMS.root,40000,87434620,existing target(s): /home/apapaefs/Projects/QuadrupleHiggsAnalysis/HerwigSignalPoints/c3d4_40k/HW-run_gg_4h_5_-12.0_0.0.in
skipped_existing,/home/apapaefs/Projects/QuadrupleHiggsAnalysis/Signals/c3d4_40k/Events/run_gg_4h_5_-12.0_100.0,HW-run_gg_4h_5_-12.0_100.0,5,-12.0,100.0,/home/apapaefs/Projects/QuadrupleHiggsAnalysis/Signals/c3d4_40k/Events/run_gg_4h_5_-12.0_100.0/unweighted_events.lhe.gz,40000,/home/apapaefs/Projects/QuadrupleHiggsAnalysis/HerwigSignalPoints/c3d4_40k/HW-run_gg_4h_5_-12.0_100.0.in,/home/apapaefs/Projects/QuadrupleHiggsAnalysis/HerwigSignalPoints/c3d4_40k/HW-run_gg_4h_5_-12.0_100.0.run,/home/apapaefs/Projects/QuadrupleHiggsAnalysis/HerwigSignalPoints/c3d4_40k/events/HW-run_gg_4h_5_-12.0_100.0.root,/home/apapaefs/Projects/QuadrupleHiggsAnalysis/HerwigSignalPoints/c3d4_40k/events/HW-run_gg_4h_5_-12.0_100.0_var.smearCMS.root,40000,93875114,existing target(s): /home/apapaefs/Projects/QuadrupleHiggsAnalysis/HerwigSignalPoints/c3d4_40k/HW-run_gg_4h_5_-12.0_100.0.in
skipped_existing,/home/apapaefs/Projects/QuadrupleHiggsAnalysis/Signals/c3d4_40k/Events/run_gg_4h_5_-12.0_200.0,HW-run_gg_4h_5_-12.0_200.0,5,-12.0,200.0,/home/apapaefs/Projects/QuadrupleHiggsAnalysis/Signals/c3d4_40k/Events/run_gg_4h_5_-12.0_200.0/unweighted_events.lhe.gz,40000,/home/apapaefs/Projects/QuadrupleHiggsAnalysis/HerwigSignalPoints/c3d4_40k/HW-run_gg_4h_5_-12.0_200.0.in,/home/apapaefs/Projects/QuadrupleHiggsAnalysis/HerwigSignalPoints/c3d4_40k/HW-run_gg_4h_5_-12.0_200.0.run,/home/apapaefs/Projects/QuadrupleHiggsAnalysis/HerwigSignalPoints/c3d4_40k/events/HW-run_gg_4h_5_-12.0_200.0.root,/home/apapaefs/Projects/QuadrupleHiggsAnalysis/HerwigSignalPoints/c3d4_40k/events/HW-run_gg_4h_5_-12.0_200.0_var.smearCMS.root,40000,72263064,existing target(s): /home/apapaefs/Projects/QuadrupleHiggsAnalysis/HerwigSignalPoints/c3d4_40k/HW-run_gg_4h_5_-12.0_200.0.in
skipped_existing,/home/apapaefs/Projects/QuadrupleHiggsAnalysis/Signals/c3d4_40k/Events/run_gg_4h_5_-12.0_300.0,HW-run_gg_4h_5_-12.0_300.0,5,-12.0,300.0,/home/apapaefs/Projects/QuadrupleHiggsAnalysis/Signals/c3d4_40k/Events/run_gg_4h_5_-12.0_300.0/unweighted_events.lhe.gz,40000,/home/apapaefs/Projects/QuadrupleHiggsAnalysis/HerwigSignalPoints/c3d4_40k/HW-run_gg_4h_5_-12.0_300.0.in,/home/apapaefs/Projects/QuadrupleHiggsAnalysis/HerwigSignalPoints/c3d4_40k/HW-run_gg_4h_5_-12.0_300.0.run,/home/apapaefs/Projects/QuadrupleHiggsAnalysis/HerwigSignalPoints/c3d4_40k/events/HW-run_gg_4h_5_-12.0_300.0.root,/home/apapaefs/Projects/QuadrupleHiggsAnalysis/HerwigSignalPoints/c3d4_40k/events/HW-run_gg_4h_5_-12.0_300.0_var.smearCMS.root,40000,84125273,existing target(s): /home/apapaefs/Projects/QuadrupleHiggsAnalysis/HerwigSignalPoints/c3d4_40k/HW-run_gg_4h_5_-12.0_300.0.in
skipped_existing,/home/apapaefs/Projects/QuadrupleHiggsAnalysis/Signals/c3d4_40k/Events/run_gg_4h_5_-15.0_0.0,HW-run_gg_4h_5_-15.0_0.0,5,-15.0,0.0,/home/apapaefs/Projects/QuadrupleHiggsAnalysis/Signals/c3d4_40k/Events/run_gg_4h_5_-15.0_0.0/unweighted_events.lhe.gz,40000,/home/apapaefs/Projects/QuadrupleHiggsAnalysis/HerwigSignalPoints/c3d4_40k/HW-run_gg_4h_5_-15.0_0.0.in,/home/apapaefs/Projects/QuadrupleHiggsAnalysis/HerwigSignalPoints/c3d4_40k/HW-run_gg_4h_5_-15.0_0.0.run,/home/apapaefs/Projects/QuadrupleHiggsAnalysis/HerwigSignalPoints/c3d4_40k/events/HW-run_gg_4h_5_-15.0_0.0.root,/home/apapaefs/Projects/QuadrupleHiggsAnalysis/HerwigSignalPoints/c3d4_40k/events/HW-run_gg_4h_5_-15.0_0.0_var.smearCMS.root,40000,56861574,existing target(s): /home/apapaefs/Projects/QuadrupleHiggsAnalysis/HerwigSignalPoints/c3d4_40k/HW-run_gg_4h_5_-15.0_0.0.in
skipped_existing,/home/apapaefs/Projects/QuadrupleHiggsAnalysis/Signals/c3d4_40k/Events/run_gg_4h_5_-21.2132_-700.0,HW-run_gg_4h_5_-21.2132_-700.0,5,-21.2132,-700.0,/home/apapaefs/Projects/QuadrupleHiggsAnalysis/Signals/c3d4_40k/Events/run_gg_4h_5_-21.2132_-700.0/unweighted_events.lhe.gz,40000,/home/apapaefs/Projects/QuadrupleHiggsAnalysis/HerwigSignalPoints/c3d4_40k/HW-run_gg_4h_5_-21.2132_-700.0.in,/home/apapaefs/Projects/QuadrupleHiggsAnalysis/HerwigSignalPoints/c3d4_40k/HW-run_gg_4h_5_-21.2132_-700.0.run,/home/apapaefs/Projects/QuadrupleHiggsAnalysis/HerwigSignalPoints/c3d4_40k/events/HW-run_gg_4h_5_-21.2132_-700.0.root,/home/apapaefs/Projects/QuadrupleHiggsAnalysis/HerwigSignalPoints/c3d4_40k/events/HW-run_gg_4h_5_-21.2132_-700.0_var.smearCMS.root,40000,82363600,existing target(s): /home/apapaefs/Projects/QuadrupleHiggsAnalysis/HerwigSignalPoints/c3d4_40k/HW-run_gg_4h_5_-21.2132_-700.0.in
skipped_existing,/home/apapaefs/Projects/QuadrupleHiggsAnalysis/Signals/c3d4_40k/Events/run_gg_4h_5_-21.2132_700.0,HW-run_gg_4h_5_-21.2132_700.0,5,-21.2132,700.0,/home/apapaefs/Projects/QuadrupleHiggsAnalysis/Signals/c3d4_40k/Events/run_gg_4h_5_-21.2132_700.0/unweighted_events.lhe.gz,40000,/home/apapaefs/Projects/QuadrupleHiggsAnalysis/HerwigSignalPoints/c3d4_40k/HW-run_gg_4h_5_-21.2132_700.0.in,/home/apapaefs/Projects/QuadrupleHiggsAnalysis/HerwigSignalPoints/c3d4_40k/HW-run_gg_4h_5_-21.2132_700.0.run,/home/apapaefs/Projects/QuadrupleHiggsAnalysis/HerwigSignalPoints/c3d4_40k/events/HW-run_gg_4h_5_-21.2132_700.0.root,/home/apapaefs/Projects/QuadrupleHiggsAnalysis/HerwigSignalPoints/c3d4_40k/events/HW-run_gg_4h_5_-21.2132_700.0_var.smearCMS.root,40000,108184239,existing target(s): /home/apapaefs/Projects/QuadrupleHiggsAnalysis/HerwigSignalPoints/c3d4_40k/HW-run_gg_4h_5_-21.2132_700.0.in
skipped_existing,/home/apapaefs/Projects/QuadrupleHiggsAnalysis/Signals/c3d4_40k/Events/run_gg_4h_5_-25.9808_0.0,HW-run_gg_4h_5_-25.9808_0.0,5,-25.9808,0.0,/home/apapaefs/Projects/QuadrupleHiggsAnalysis/Signals/c3d4_40k/Events/run_gg_4h_5_-25.9808_0.0/unweighted_events.lhe.gz,40000,/home/apapaefs/Projects/QuadrupleHiggsAnalysis/HerwigSignalPoints/c3d4_40k/HW-run_gg_4h_5_-25.9808_0.0.in,/home/apapaefs/Projects/QuadrupleHiggsAnalysis/HerwigSignalPoints/c3d4_40k/HW-run_gg_4h_5_-25.9808_0.0.run,/home/apapaefs/Projects/QuadrupleHiggsAnalysis/HerwigSignalPoints/c3d4_40k/events/HW-run_gg_4h_5_-25.9808_0.0.root,/home/apapaefs/Projects/QuadrupleHiggsAnalysis/HerwigSignalPoints/c3d4_40k/events/HW-run_gg_4h_5_-25.9808_0.0_var.smearCMS.root,40000,88989705,existing target(s): /home/apapaefs/Projects/QuadrupleHiggsAnalysis/HerwigSignalPoints/c3d4_40k/HW-run_gg_4h_5_-25.9808_0.0.in
skipped_existing,/home/apapaefs/Projects/QuadrupleHiggsAnalysis/Signals/c3d4_40k/Events/run_gg_4h_5_-3.0_-100.0,HW-run_gg_4h_5_-3.0_-100.0,5,-3.0,-100.0,/home/apapaefs/Projects/QuadrupleHiggsAnalysis/Signals/c3d4_40k/Events/run_gg_4h_5_-3.0_-100.0/unweighted_events.lhe.gz,40000,/home/apapaefs/Projects/QuadrupleHiggsAnalysis/HerwigSignalPoints/c3d4_40k/HW-run_gg_4h_5_-3.0_-100.0.in,/home/apapaefs/Projects/QuadrupleHiggsAnalysis/HerwigSignalPoints/c3d4_40k/HW-run_gg_4h_5_-3.0_-100.0.run,/home/apapaefs/Projects/QuadrupleHiggsAnalysis/HerwigSignalPoints/c3d4_40k/events/HW-run_gg_4h_5_-3.0_-100.0.root,/home/apapaefs/Projects/QuadrupleHiggsAnalysis/HerwigSignalPoints/c3d4_40k/events/HW-run_gg_4h_5_-3.0_-100.0_var.smearCMS.root,40000,45757049,existing target(s): /home/apapaefs/Projects/QuadrupleHiggsAnalysis/HerwigSignalPoints/c3d4_40k/HW-run_gg_4h_5_-3.0_-100.0.in
skipped_existing,/home/apapaefs/Projects/QuadrupleHiggsAnalysis/Signals/c3d4_40k/Events/run_gg_4h_5_-3.0_-200.0,HW-run_gg_4h_5_-3.0_-200.0,5,-3.0,-200.0,/home/apapaefs/Projects/QuadrupleHiggsAnalysis/Signals/c3d4_40k/Events/run_gg_4h_5_-3.0_-200.0/unweighted_events.lhe.gz,40000,/home/apapaefs/Projects/QuadrupleHiggsAnalysis/HerwigSignalPoints/c3d4_40k/HW-run_gg_4h_5_-3.0_-200.0.in,/home/apapaefs/Projects/QuadrupleHiggsAnalysis/HerwigSignalPoints/c3d4_40k/HW-run_gg_4h_5_-3.0_-200.0.run,/home/apapaefs/Projects/QuadrupleHiggsAnalysis/HerwigSignalPoints/c3d4_40k/events/HW-run_gg_4h_5_-3.0_-200.0.root,/home/apapaefs/Projects/QuadrupleHiggsAnalysis/HerwigSignalPoints/c3d4_40k/events/HW-run_gg_4h_5_-3.0_-200.0_var.smearCMS.root,40000,40461447,existing target(s): /home/apapaefs/Projects/QuadrupleHiggsAnalysis/HerwigSignalPoints/c3d4_40k/HW-run_gg_4h_5_-3.0_-200.0.in
skipped_existing,/home/apapaefs/Projects/QuadrupleHiggsAnalysis/Signals/c3d4_40k/Events/run_gg_4h_5_-3.0_-300.0,HW-run_gg_4h_5_-3.0_-300.0,5,-3.0,-300.0,/home/apapaefs/Projects/QuadrupleHiggsAnalysis/Signals/c3d4_40k/Events/run_gg_4h_5_-3.0_-300.0/unweighted_events.lhe.gz,40000,/home/apapaefs/Projects/QuadrupleHiggsAnalysis/HerwigSignalPoints/c3d4_40k/HW-run_gg_4h_5_-3.0_-300.0.in,/home/apapaefs/Projects/QuadrupleHiggsAnalysis/HerwigSignalPoints/c3d4_40k/HW-run_gg_4h_5_-3.0_-300.0.run,/home/apapaefs/Projects/QuadrupleHiggsAnalysis/HerwigSignalPoints/c3d4_40k/events/HW-run_gg_4h_5_-3.0_-300.0.root,/home/apapaefs/Projects/QuadrupleHiggsAnalysis/HerwigSignalPoints/c3d4_40k/events/HW-run_gg_4h_5_-3.0_-300.0_var.smearCMS.root,40000,65355584,existing target(s): /home/apapaefs/Projects/QuadrupleHiggsAnalysis/HerwigSignalPoints/c3d4_40k/HW-run_gg_4h_5_-3.0_-300.0.in
skipped_existing,/home/apapaefs/Projects/QuadrupleHiggsAnalysis/Signals/c3d4_40k/Events/run_gg_4h_5_-3.0_-350.0,HW-run_gg_4h_5_-3.0_-350.0,5,-3.0,-350.0,/home/apapaefs/Projects/QuadrupleHiggsAnalysis/Signals/c3d4_40k/Events/run_gg_4h_5_-3.0_-350.0/unweighted_events.lhe.gz,40000,/home/apapaefs/Projects/QuadrupleHiggsAnalysis/HerwigSignalPoints/c3d4_40k/HW-run_gg_4h_5_-3.0_-350.0.in,/home/apapaefs/Projects/QuadrupleHiggsAnalysis/HerwigSignalPoints/c3d4_40k/HW-run_gg_4h_5_-3.0_-350.0.run,/home/apapaefs/Projects/QuadrupleHiggsAnalysis/HerwigSignalPoints/c3d4_40k/events/HW-run_gg_4h_5_-3.0_-350.0.root,/home/apapaefs/Projects/QuadrupleHiggsAnalysis/HerwigSignalPoints/c3d4_40k/events/HW-run_gg_4h_5_-3.0_-350.0_var.smearCMS.root,40000,124426939,existing target(s): /home/apapaefs/Projects/QuadrupleHiggsAnalysis/HerwigSignalPoints/c3d4_40k/HW-run_gg_4h_5_-3.0_-350.0.in
skipped_existing,/home/apapaefs/Projects/QuadrupleHiggsAnalysis/Signals/c3d4_40k/Events/run_gg_4h_5_-3.0_0.0,HW-run_gg_4h_5_-3.0_0.0,5,-3.0,0.0,/home/apapaefs/Projects/QuadrupleHiggsAnalysis/Signals/c3d4_40k/Events/run_gg_4h_5_-3.0_0.0/unweighted_events.lhe.gz,40000,/home/apapaefs/Projects/QuadrupleHiggsAnalysis/HerwigSignalPoints/c3d4_40k/HW-run_gg_4h_5_-3.0_0.0.in,/home/apapaefs/Projects/QuadrupleHiggsAnalysis/HerwigSignalPoints/c3d4_40k/HW-run_gg_4h_5_-3.0_0.0.run,/home/apapaefs/Projects/QuadrupleHiggsAnalysis/HerwigSignalPoints/c3d4_40k/events/HW-run_gg_4h_5_-3.0_0.0.root,/home/apapaefs/Projects/QuadrupleHiggsAnalysis/HerwigSignalPoints/c3d4_40k/events/HW-run_gg_4h_5_-3.0_0.0_var.smearCMS.root,40000,93269942,existing target(s): /home/apapaefs/Projects/QuadrupleHiggsAnalysis/HerwigSignalPoints/c3d4_40k/HW-run_gg_4h_5_-3.0_0.0.in
skipped_existing,/home/apapaefs/Projects/QuadrupleHiggsAnalysis/Signals/c3d4_40k/Events/run_gg_4h_5_-3.0_100.0,HW-run_gg_4h_5_-3.0_100.0,5,-3.0,100.0,/home/apapaefs/Projects/QuadrupleHiggsAnalysis/Signals/c3d4_40k/Events/run_gg_4h_5_-3.0_100.0/unweighted_events.lhe.gz,40000,/home/apapaefs/Projects/QuadrupleHiggsAnalysis/HerwigSignalPoints/c3d4_40k/HW-run_gg_4h_5_-3.0_100.0.in,/home/apapaefs/Projects/QuadrupleHiggsAnalysis/HerwigSignalPoints/c3d4_40k/HW-run_gg_4h_5_-3.0_100.0.run,/home/apapaefs/Projects/QuadrupleHiggsAnalysis/HerwigSignalPoints/c3d4_40k/events/HW-run_gg_4h_5_-3.0_100.0.root,/home/apapaefs/Projects/QuadrupleHiggsAnalysis/HerwigSignalPoints/c3d4_40k/events/HW-run_gg_4h_5_-3.0_100.0_var.smearCMS.root,40000,45096914,existing target(s): /home/apapaefs/Projects/QuadrupleHiggsAnalysis/HerwigSignalPoints/c3d4_40k/HW-run_gg_4h_5_-3.0_100.0.in
skipped_existing,/home/apapaefs/Projects/QuadrupleHiggsAnalysis/Signals/c3d4_40k/Events/run_gg_4h_5_-3.0_200.0,HW-run_gg_4h_5_-3.0_200.0,5,-3.0,200.0,/home/apapaefs/Projects/QuadrupleHiggsAnalysis/Signals/c3d4_40k/Events/run_gg_4h_5_-3.0_200.0/unweighted_events.lhe.gz,40000,/home/apapaefs/Projects/QuadrupleHiggsAnalysis/HerwigSignalPoints/c3d4_40k/HW-run_gg_4h_5_-3.0_200.0.in,/home/apapaefs/Projects/QuadrupleHiggsAnalysis/HerwigSignalPoints/c3d4_40k/HW-run_gg_4h_5_-3.0_200.0.run,/home/apapaefs/Projects/QuadrupleHiggsAnalysis/HerwigSignalPoints/c3d4_40k/events/HW-run_gg_4h_5_-3.0_200.0.root,/home/apapaefs/Projects/QuadrupleHiggsAnalysis/HerwigSignalPoints/c3d4_40k/events/HW-run_gg_4h_5_-3.0_200.0_var.smearCMS.root,40000,106869861,existing target(s): /home/apapaefs/Projects/QuadrupleHiggsAnalysis/HerwigSignalPoints/c3d4_40k/HW-run_gg_4h_5_-3.0_200.0.in
skipped_existing,/home/apapaefs/Projects/QuadrupleHiggsAnalysis/Signals/c3d4_40k/Events/run_gg_4h_5_-3.0_300.0,HW-run_gg_4h_5_-3.0_300.0,5,-3.0,300.0,/home/apapaefs/Projects/QuadrupleHiggsAnalysis/Signals/c3d4_40k/Events/run_gg_4h_5_-3.0_300.0/unweighted_events.lhe.gz,40000,/home/apapaefs/Projects/QuadrupleHiggsAnalysis/HerwigSignalPoints/c3d4_40k/HW-run_gg_4h_5_-3.0_300.0.in,/home/apapaefs/Projects/QuadrupleHiggsAnalysis/HerwigSignalPoints/c3d4_40k/HW-run_gg_4h_5_-3.0_300.0.run,/home/apapaefs/Projects/QuadrupleHiggsAnalysis/HerwigSignalPoints/c3d4_40k/events/HW-run_gg_4h_5_-3.0_300.0.root,/home/apapaefs/Projects/QuadrupleHiggsAnalysis/HerwigSignalPoints/c3d4_40k/events/HW-run_gg_4h_5_-3.0_300.0_var.smearCMS.root,40000,92497342,existing target(s): /home/apapaefs/Projects/QuadrupleHiggsAnalysis/HerwigSignalPoints/c3d4_40k/HW-run_gg_4h_5_-3.0_300.0.in
skipped_existing,/home/apapaefs/Projects/QuadrupleHiggsAnalysis/Signals/c3d4_40k/Events/run_gg_4h_5_-3.0_350.0,HW-run_gg_4h_5_-3.0_350.0,5,-3.0,350.0,/home/apapaefs/Projects/QuadrupleHiggsAnalysis/Signals/c3d4_40k/Events/run_gg_4h_5_-3.0_350.0/unweighted_events.lhe.gz,40000,/home/apapaefs/Projects/QuadrupleHiggsAnalysis/HerwigSignalPoints/c3d4_40k/HW-run_gg_4h_5_-3.0_350.0.in,/home/apapaefs/Projects/QuadrupleHiggsAnalysis/HerwigSignalPoints/c3d4_40k/HW-run_gg_4h_5_-3.0_350.0.run,/home/apapaefs/Projects/QuadrupleHiggsAnalysis/HerwigSignalPoints/c3d4_40k/events/HW-run_gg_4h_5_-3.0_350.0.root,/home/apapaefs/Projects/QuadrupleHiggsAnalysis/HerwigSignalPoints/c3d4_40k/events/HW-run_gg_4h_5_-3.0_350.0_var.smearCMS.root,40000,97793291,existing target(s): /home/apapaefs/Projects/QuadrupleHiggsAnalysis/HerwigSignalPoints/c3d4_40k/HW-run_gg_4h_5_-3.0_350.0.in
skipped_existing,/home/apapaefs/Projects/QuadrupleHiggsAnalysis/Signals/c3d4_40k/Events/run_gg_4h_5_-30.0_-700.0,HW-run_gg_4h_5_-30.0_-700.0,5,-30.0,-700.0,/home/apapaefs/Projects/QuadrupleHiggsAnalysis/Signals/c3d4_40k/Events/run_gg_4h_5_-30.0_-700.0/unweighted_events.lhe.gz,40000,/home/apapaefs/Projects/QuadrupleHiggsAnalysis/HerwigSignalPoints/c3d4_40k/HW-run_gg_4h_5_-30.0_-700.0.in,/home/apapaefs/Projects/QuadrupleHiggsAnalysis/HerwigSignalPoints/c3d4_40k/HW-run_gg_4h_5_-30.0_-700.0.run,/home/apapaefs/Projects/QuadrupleHiggsAnalysis/HerwigSignalPoints/c3d4_40k/events/HW-run_gg_4h_5_-30.0_-700.0.root,/home/apapaefs/Projects/QuadrupleHiggsAnalysis/HerwigSignalPoints/c3d4_40k/events/HW-run_gg_4h_5_-30.0_-700.0_var.smearCMS.root,40000,58858959,existing target(s): /home/apapaefs/Projects/QuadrupleHiggsAnalysis/HerwigSignalPoints/c3d4_40k/HW-run_gg_4h_5_-30.0_-700.0.in
skipped_existing,/home/apapaefs/Projects/QuadrupleHiggsAnalysis/Signals/c3d4_40k/Events/run_gg_4h_5_-30.0_0.0,HW-run_gg_4h_5_-30.0_0.0,5,-30.0,0.0,/home/apapaefs/Projects/QuadrupleHiggsAnalysis/Signals/c3d4_40k/Events/run_gg_4h_5_-30.0_0.0/unweighted_events.lhe.gz,40000,/home/apapaefs/Projects/QuadrupleHiggsAnalysis/HerwigSignalPoints/c3d4_40k/HW-run_gg_4h_5_-30.0_0.0.in,/home/apapaefs/Projects/QuadrupleHiggsAnalysis/HerwigSignalPoints/c3d4_40k/HW-run_gg_4h_5_-30.0_0.0.run,/home/apapaefs/Projects/QuadrupleHiggsAnalysis/HerwigSignalPoints/c3d4_40k/events/HW-run_gg_4h_5_-30.0_0.0.root,/home/apapaefs/Projects/QuadrupleHiggsAnalysis/HerwigSignalPoints/c3d4_40k/events/HW-run_gg_4h_5_-30.0_0.0_var.smearCMS.root,40000,71311728,existing target(s): /home/apapaefs/Projects/QuadrupleHiggsAnalysis/HerwigSignalPoints/c3d4_40k/HW-run_gg_4h_5_-30.0_0.0.in
skipped_existing,/home/apapaefs/Projects/QuadrupleHiggsAnalysis/Signals/c3d4_40k/Events/run_gg_4h_5_-30.0_700.0,HW-run_gg_4h_5_-30.0_700.0,5,-30.0,700.0,/home/apapaefs/Projects/QuadrupleHiggsAnalysis/Signals/c3d4_40k/Events/run_gg_4h_5_-30.0_700.0/unweighted_events.lhe.gz,40000,/home/apapaefs/Projects/QuadrupleHiggsAnalysis/HerwigSignalPoints/c3d4_40k/HW-run_gg_4h_5_-30.0_700.0.in,/home/apapaefs/Projects/QuadrupleHiggsAnalysis/HerwigSignalPoints/c3d4_40k/HW-run_gg_4h_5_-30.0_700.0.run,/home/apapaefs/Projects/QuadrupleHiggsAnalysis/HerwigSignalPoints/c3d4_40k/events/HW-run_gg_4h_5_-30.0_700.0.root,/home/apapaefs/Projects/QuadrupleHiggsAnalysis/HerwigSignalPoints/c3d4_40k/events/HW-run_gg_4h_5_-30.0_700.0_var.smearCMS.root,40000,76974083,existing target(s): /home/apapaefs/Projects/QuadrupleHiggsAnalysis/HerwigSignalPoints/c3d4_40k/HW-run_gg_4h_5_-30.0_700.0.in
skipped_existing,/home/apapaefs/Projects/QuadrupleHiggsAnalysis/Signals/c3d4_40k/Events/run_gg_4h_5_-4.5_-150.0,HW-run_gg_4h_5_-4.5_-150.0,5,-4.5,-150.0,/home/apapaefs/Projects/QuadrupleHiggsAnalysis/Signals/c3d4_40k/Events/run_gg_4h_5_-4.5_-150.0/unweighted_events.lhe.gz,40000,/home/apapaefs/Projects/QuadrupleHiggsAnalysis/HerwigSignalPoints/c3d4_40k/HW-run_gg_4h_5_-4.5_-150.0.in,/home/apapaefs/Projects/QuadrupleHiggsAnalysis/HerwigSignalPoints/c3d4_40k/HW-run_gg_4h_5_-4.5_-150.0.run,/home/apapaefs/Projects/QuadrupleHiggsAnalysis/HerwigSignalPoints/c3d4_40k/events/HW-run_gg_4h_5_-4.5_-150.0.root,/home/apapaefs/Projects/QuadrupleHiggsAnalysis/HerwigSignalPoints/c3d4_40k/events/HW-run_gg_4h_5_-4.5_-150.0_var.smearCMS.root,40000,100153620,existing target(s): /home/apapaefs/Projects/QuadrupleHiggsAnalysis/HerwigSignalPoints/c3d4_40k/HW-run_gg_4h_5_-4.5_-150.0.in
skipped_existing,/home/apapaefs/Projects/QuadrupleHiggsAnalysis/Signals/c3d4_40k/Events/run_gg_4h_5_-4.5_150.0,HW-run_gg_4h_5_-4.5_150.0,5,-4.5,150.0,/home/apapaefs/Projects/QuadrupleHiggsAnalysis/Signals/c3d4_40k/Events/run_gg_4h_5_-4.5_150.0/unweighted_events.lhe.gz,40000,/home/apapaefs/Projects/QuadrupleHiggsAnalysis/HerwigSignalPoints/c3d4_40k/HW-run_gg_4h_5_-4.5_150.0.in,/home/apapaefs/Projects/QuadrupleHiggsAnalysis/HerwigSignalPoints/c3d4_40k/HW-run_gg_4h_5_-4.5_150.0.run,/home/apapaefs/Projects/QuadrupleHiggsAnalysis/HerwigSignalPoints/c3d4_40k/events/HW-run_gg_4h_5_-4.5_150.0.root,/home/apapaefs/Projects/QuadrupleHiggsAnalysis/HerwigSignalPoints/c3d4_40k/events/HW-run_gg_4h_5_-4.5_150.0_var.smearCMS.root,40000,117921864,existing target(s): /home/apapaefs/Projects/QuadrupleHiggsAnalysis/HerwigSignalPoints/c3d4_40k/HW-run_gg_4h_5_-4.5_150.0.in
skipped_existing,/home/apapaefs/Projects/QuadrupleHiggsAnalysis/Signals/c3d4_40k/Events/run_gg_4h_5_-4.5_50.0,HW-run_gg_4h_5_-4.5_50.0,5,-4.5,50.0,/home/apapaefs/Projects/QuadrupleHiggsAnalysis/Signals/c3d4_40k/Events/run_gg_4h_5_-4.5_50.0/unweighted_events.lhe.gz,40000,/home/apapaefs/Projects/QuadrupleHiggsAnalysis/HerwigSignalPoints/c3d4_40k/HW-run_gg_4h_5_-4.5_50.0.in,/home/apapaefs/Projects/QuadrupleHiggsAnalysis/HerwigSignalPoints/c3d4_40k/HW-run_gg_4h_5_-4.5_50.0.run,/home/apapaefs/Projects/QuadrupleHiggsAnalysis/HerwigSignalPoints/c3d4_40k/events/HW-run_gg_4h_5_-4.5_50.0.root,/home/apapaefs/Projects/QuadrupleHiggsAnalysis/HerwigSignalPoints/c3d4_40k/events/HW-run_gg_4h_5_-4.5_50.0_var.smearCMS.root,40000,78282700,existing target(s): /home/apapaefs/Projects/QuadrupleHiggsAnalysis/HerwigSignalPoints/c3d4_40k/HW-run_gg_4h_5_-4.5_50.0.in
skipped_existing,/home/apapaefs/Projects/QuadrupleHiggsAnalysis/Signals/c3d4_40k/Events/run_gg_4h_5_-6.0_-100.0,HW-run_gg_4h_5_-6.0_-100.0,5,-6.0,-100.0,/home/apapaefs/Projects/QuadrupleHiggsAnalysis/Signals/c3d4_40k/Events/run_gg_4h_5_-6.0_-100.0/unweighted_events.lhe.gz,40000,/home/apapaefs/Projects/QuadrupleHiggsAnalysis/HerwigSignalPoints/c3d4_40k/HW-run_gg_4h_5_-6.0_-100.0.in,/home/apapaefs/Projects/QuadrupleHiggsAnalysis/HerwigSignalPoints/c3d4_40k/HW-run_gg_4h_5_-6.0_-100.0.run,/home/apapaefs/Projects/QuadrupleHiggsAnalysis/HerwigSignalPoints/c3d4_40k/events/HW-run_gg_4h_5_-6.0_-100.0.root,/home/apapaefs/Projects/QuadrupleHiggsAnalysis/HerwigSignalPoints/c3d4_40k/events/HW-run_gg_4h_5_-6.0_-100.0_var.smearCMS.root,40000,93406141,existing target(s): /home/apapaefs/Projects/QuadrupleHiggsAnalysis/HerwigSignalPoints/c3d4_40k/HW-run_gg_4h_5_-6.0_-100.0.in
skipped_existing,/home/apapaefs/Projects/QuadrupleHiggsAnalysis/Signals/c3d4_40k/Events/run_gg_4h_5_-6.0_-200.0,HW-run_gg_4h_5_-6.0_-200.0,5,-6.0,-200.0,/home/apapaefs/Projects/QuadrupleHiggsAnalysis/Signals/c3d4_40k/Events/run_gg_4h_5_-6.0_-200.0/unweighted_events.lhe.gz,40000,/home/apapaefs/Projects/QuadrupleHiggsAnalysis/HerwigSignalPoints/c3d4_40k/HW-run_gg_4h_5_-6.0_-200.0.in,/home/apapaefs/Projects/QuadrupleHiggsAnalysis/HerwigSignalPoints/c3d4_40k/HW-run_gg_4h_5_-6.0_-200.0.run,/home/apapaefs/Projects/QuadrupleHiggsAnalysis/HerwigSignalPoints/c3d4_40k/events/HW-run_gg_4h_5_-6.0_-200.0.root,/home/apapaefs/Projects/QuadrupleHiggsAnalysis/HerwigSignalPoints/c3d4_40k/events/HW-run_gg_4h_5_-6.0_-200.0_var.smearCMS.root,40000,36509943,existing target(s): /home/apapaefs/Projects/QuadrupleHiggsAnalysis/HerwigSignalPoints/c3d4_40k/HW-run_gg_4h_5_-6.0_-200.0.in
skipped_existing,/home/apapaefs/Projects/QuadrupleHiggsAnalysis/Signals/c3d4_40k/Events/run_gg_4h_5_-6.0_-300.0,HW-run_gg_4h_5_-6.0_-300.0,5,-6.0,-300.0,/home/apapaefs/Projects/QuadrupleHiggsAnalysis/Signals/c3d4_40k/Events/run_gg_4h_5_-6.0_-300.0/unweighted_events.lhe.gz,40000,/home/apapaefs/Projects/QuadrupleHiggsAnalysis/HerwigSignalPoints/c3d4_40k/HW-run_gg_4h_5_-6.0_-300.0.in,/home/apapaefs/Projects/QuadrupleHiggsAnalysis/HerwigSignalPoints/c3d4_40k/HW-run_gg_4h_5_-6.0_-300.0.run,/home/apapaefs/Projects/QuadrupleHiggsAnalysis/HerwigSignalPoints/c3d4_40k/events/HW-run_gg_4h_5_-6.0_-300.0.root,/home/apapaefs/Projects/QuadrupleHiggsAnalysis/HerwigSignalPoints/c3d4_40k/events/HW-run_gg_4h_5_-6.0_-300.0_var.smearCMS.root,40000,51100460,existing target(s): /home/apapaefs/Projects/QuadrupleHiggsAnalysis/HerwigSignalPoints/c3d4_40k/HW-run_gg_4h_5_-6.0_-300.0.in
skipped_existing,/home/apapaefs/Projects/QuadrupleHiggsAnalysis/Signals/c3d4_40k/Events/run_gg_4h_5_-6.0_0.0,HW-run_gg_4h_5_-6.0_0.0,5,-6.0,0.0,/home/apapaefs/Projects/QuadrupleHiggsAnalysis/Signals/c3d4_40k/Events/run_gg_4h_5_-6.0_0.0/unweighted_events.lhe.gz,40000,/home/apapaefs/Projects/QuadrupleHiggsAnalysis/HerwigSignalPoints/c3d4_40k/HW-run_gg_4h_5_-6.0_0.0.in,/home/apapaefs/Projects/QuadrupleHiggsAnalysis/HerwigSignalPoints/c3d4_40k/HW-run_gg_4h_5_-6.0_0.0.run,/home/apapaefs/Projects/QuadrupleHiggsAnalysis/HerwigSignalPoints/c3d4_40k/events/HW-run_gg_4h_5_-6.0_0.0.root,/home/apapaefs/Projects/QuadrupleHiggsAnalysis/HerwigSignalPoints/c3d4_40k/events/HW-run_gg_4h_5_-6.0_0.0_var.smearCMS.root,40000,130387731,existing target(s): /home/apapaefs/Projects/QuadrupleHiggsAnalysis/HerwigSignalPoints/c3d4_40k/HW-run_gg_4h_5_-6.0_0.0.in
skipped_existing,/home/apapaefs/Projects/QuadrupleHiggsAnalysis/Signals/c3d4_40k/Events/run_gg_4h_5_-6.0_100.0,HW-run_gg_4h_5_-6.0_100.0,5,-6.0,100.0,/home/apapaefs/Projects/QuadrupleHiggsAnalysis/Signals/c3d4_40k/Events/run_gg_4h_5_-6.0_100.0/unweighted_events.lhe.gz,40000,/home/apapaefs/Projects/QuadrupleHiggsAnalysis/HerwigSignalPoints/c3d4_40k/HW-run_gg_4h_5_-6.0_100.0.in,/home/apapaefs/Projects/QuadrupleHiggsAnalysis/HerwigSignalPoints/c3d4_40k/HW-run_gg_4h_5_-6.0_100.0.run,/home/apapaefs/Projects/QuadrupleHiggsAnalysis/HerwigSignalPoints/c3d4_40k/events/HW-run_gg_4h_5_-6.0_100.0.root,/home/apapaefs/Projects/QuadrupleHiggsAnalysis/HerwigSignalPoints/c3d4_40k/events/HW-run_gg_4h_5_-6.0_100.0_var.smearCMS.root,40000,38092329,existing target(s): /home/apapaefs/Projects/QuadrupleHiggsAnalysis/HerwigSignalPoints/c3d4_40k/HW-run_gg_4h_5_-6.0_100.0.in
skipped_existing,/home/apapaefs/Projects/QuadrupleHiggsAnalysis/Signals/c3d4_40k/Events/run_gg_4h_5_-6.0_200.0,HW-run_gg_4h_5_-6.0_200.0,5,-6.0,200.0,/home/apapaefs/Projects/QuadrupleHiggsAnalysis/Signals/c3d4_40k/Events/run_gg_4h_5_-6.0_200.0/unweighted_events.lhe.gz,40000,/home/apapaefs/Projects/QuadrupleHiggsAnalysis/HerwigSignalPoints/c3d4_40k/HW-run_gg_4h_5_-6.0_200.0.in,/home/apapaefs/Projects/QuadrupleHiggsAnalysis/HerwigSignalPoints/c3d4_40k/HW-run_gg_4h_5_-6.0_200.0.run,/home/apapaefs/Projects/QuadrupleHiggsAnalysis/HerwigSignalPoints/c3d4_40k/events/HW-run_gg_4h_5_-6.0_200.0.root,/home/apapaefs/Projects/QuadrupleHiggsAnalysis/HerwigSignalPoints/c3d4_40k/events/HW-run_gg_4h_5_-6.0_200.0_var.smearCMS.root,40000,97512643,existing target(s): /home/apapaefs/Projects/QuadrupleHiggsAnalysis/HerwigSignalPoints/c3d4_40k/HW-run_gg_4h_5_-6.0_200.0.in
skipped_existing,/home/apapaefs/Projects/QuadrupleHiggsAnalysis/Signals/c3d4_40k/Events/run_gg_4h_5_-6.0_300.0,HW-run_gg_4h_5_-6.0_300.0,5,-6.0,300.0,/home/apapaefs/Projects/QuadrupleHiggsAnalysis/Signals/c3d4_40k/Events/run_gg_4h_5_-6.0_300.0/unweighted_events.lhe.gz,40000,/home/apapaefs/Projects/QuadrupleHiggsAnalysis/HerwigSignalPoints/c3d4_40k/HW-run_gg_4h_5_-6.0_300.0.in,/home/apapaefs/Projects/QuadrupleHiggsAnalysis/HerwigSignalPoints/c3d4_40k/HW-run_gg_4h_5_-6.0_300.0.run,/home/apapaefs/Projects/QuadrupleHiggsAnalysis/HerwigSignalPoints/c3d4_40k/events/HW-run_gg_4h_5_-6.0_300.0.root,/home/apapaefs/Projects/QuadrupleHiggsAnalysis/HerwigSignalPoints/c3d4_40k/events/HW-run_gg_4h_5_-6.0_300.0_var.smearCMS.root,40000,95999677,existing target(s): /home/apapaefs/Projects/QuadrupleHiggsAnalysis/HerwigSignalPoints/c3d4_40k/HW-run_gg_4h_5_-6.0_300.0.in
skipped_existing,/home/apapaefs/Projects/QuadrupleHiggsAnalysis/Signals/c3d4_40k/Events/run_gg_4h_5_-7.5_-150.0,HW-run_gg_4h_5_-7.5_-150.0,5,-7.5,-150.0,/home/apapaefs/Projects/QuadrupleHiggsAnalysis/Signals/c3d4_40k/Events/run_gg_4h_5_-7.5_-150.0/unweighted_events.lhe.gz,40000,/home/apapaefs/Projects/QuadrupleHiggsAnalysis/HerwigSignalPoints/c3d4_40k/HW-run_gg_4h_5_-7.5_-150.0.in,/home/apapaefs/Projects/QuadrupleHiggsAnalysis/HerwigSignalPoints/c3d4_40k/HW-run_gg_4h_5_-7.5_-150.0.run,/home/apapaefs/Projects/QuadrupleHiggsAnalysis/HerwigSignalPoints/c3d4_40k/events/HW-run_gg_4h_5_-7.5_-150.0.root,/home/apapaefs/Projects/QuadrupleHiggsAnalysis/HerwigSignalPoints/c3d4_40k/events/HW-run_gg_4h_5_-7.5_-150.0_var.smearCMS.root,40000,39188131,existing target(s): /home/apapaefs/Projects/QuadrupleHiggsAnalysis/HerwigSignalPoints/c3d4_40k/HW-run_gg_4h_5_-7.5_-150.0.in
skipped_existing,/home/apapaefs/Projects/QuadrupleHiggsAnalysis/Signals/c3d4_40k/Events/run_gg_4h_5_-7.5_-50.0,HW-run_gg_4h_5_-7.5_-50.0,5,-7.5,-50.0,/home/apapaefs/Projects/QuadrupleHiggsAnalysis/Signals/c3d4_40k/Events/run_gg_4h_5_-7.5_-50.0/unweighted_events.lhe.gz,40000,/home/apapaefs/Projects/QuadrupleHiggsAnalysis/HerwigSignalPoints/c3d4_40k/HW-run_gg_4h_5_-7.5_-50.0.in,/home/apapaefs/Projects/QuadrupleHiggsAnalysis/HerwigSignalPoints/c3d4_40k/HW-run_gg_4h_5_-7.5_-50.0.run,/home/apapaefs/Projects/QuadrupleHiggsAnalysis/HerwigSignalPoints/c3d4_40k/events/HW-run_gg_4h_5_-7.5_-50.0.root,/home/apapaefs/Projects/QuadrupleHiggsAnalysis/HerwigSignalPoints/c3d4_40k/events/HW-run_gg_4h_5_-7.5_-50.0_var.smearCMS.root,40000,46281246,existing target(s): /home/apapaefs/Projects/QuadrupleHiggsAnalysis/HerwigSignalPoints/c3d4_40k/HW-run_gg_4h_5_-7.5_-50.0.in
skipped_existing,/home/apapaefs/Projects/QuadrupleHiggsAnalysis/Signals/c3d4_40k/Events/run_gg_4h_5_-7.5_50.0,HW-run_gg_4h_5_-7.5_50.0,5,-7.5,50.0,/home/apapaefs/Projects/QuadrupleHiggsAnalysis/Signals/c3d4_40k/Events/run_gg_4h_5_-7.5_50.0/unweighted_events.lhe.gz,40000,/home/apapaefs/Projects/QuadrupleHiggsAnalysis/HerwigSignalPoints/c3d4_40k/HW-run_gg_4h_5_-7.5_50.0.in,/home/apapaefs/Projects/QuadrupleHiggsAnalysis/HerwigSignalPoints/c3d4_40k/HW-run_gg_4h_5_-7.5_50.0.run,/home/apapaefs/Projects/QuadrupleHiggsAnalysis/HerwigSignalPoints/c3d4_40k/events/HW-run_gg_4h_5_-7.5_50.0.root,/home/apapaefs/Projects/QuadrupleHiggsAnalysis/HerwigSignalPoints/c3d4_40k/events/HW-run_gg_4h_5_-7.5_50.0_var.smearCMS.root,40000,82433579,existing target(s): /home/apapaefs/Projects/QuadrupleHiggsAnalysis/HerwigSignalPoints/c3d4_40k/HW-run_gg_4h_5_-7.5_50.0.in
skipped_existing,/home/apapaefs/Projects/QuadrupleHiggsAnalysis/Signals/c3d4_40k/Events/run_gg_4h_5_-9.0_-100.0,HW-run_gg_4h_5_-9.0_-100.0,5,-9.0,-100.0,/home/apapaefs/Projects/QuadrupleHiggsAnalysis/Signals/c3d4_40k/Events/run_gg_4h_5_-9.0_-100.0/unweighted_events.lhe.gz,40000,/home/apapaefs/Projects/QuadrupleHiggsAnalysis/HerwigSignalPoints/c3d4_40k/HW-run_gg_4h_5_-9.0_-100.0.in,/home/apapaefs/Projects/QuadrupleHiggsAnalysis/HerwigSignalPoints/c3d4_40k/HW-run_gg_4h_5_-9.0_-100.0.run,/home/apapaefs/Projects/QuadrupleHiggsAnalysis/HerwigSignalPoints/c3d4_40k/events/HW-run_gg_4h_5_-9.0_-100.0.root,/home/apapaefs/Projects/QuadrupleHiggsAnalysis/HerwigSignalPoints/c3d4_40k/events/HW-run_gg_4h_5_-9.0_-100.0_var.smearCMS.root,40000,120422352,existing target(s): /home/apapaefs/Projects/QuadrupleHiggsAnalysis/HerwigSignalPoints/c3d4_40k/HW-run_gg_4h_5_-9.0_-100.0.in
skipped_existing,/home/apapaefs/Projects/QuadrupleHiggsAnalysis/Signals/c3d4_40k/Events/run_gg_4h_5_-9.0_-200.0,HW-run_gg_4h_5_-9.0_-200.0,5,-9.0,-200.0,/home/apapaefs/Projects/QuadrupleHiggsAnalysis/Signals/c3d4_40k/Events/run_gg_4h_5_-9.0_-200.0/unweighted_events.lhe.gz,40000,/home/apapaefs/Projects/QuadrupleHiggsAnalysis/HerwigSignalPoints/c3d4_40k/HW-run_gg_4h_5_-9.0_-200.0.in,/home/apapaefs/Projects/QuadrupleHiggsAnalysis/HerwigSignalPoints/c3d4_40k/HW-run_gg_4h_5_-9.0_-200.0.run,/home/apapaefs/Projects/QuadrupleHiggsAnalysis/HerwigSignalPoints/c3d4_40k/events/HW-run_gg_4h_5_-9.0_-200.0.root,/home/apapaefs/Projects/QuadrupleHiggsAnalysis/HerwigSignalPoints/c3d4_40k/events/HW-run_gg_4h_5_-9.0_-200.0_var.smearCMS.root,40000,48103955,existing target(s): /home/apapaefs/Projects/QuadrupleHiggsAnalysis/HerwigSignalPoints/c3d4_40k/HW-run_gg_4h_5_-9.0_-200.0.in
skipped_existing,/home/apapaefs/Projects/QuadrupleHiggsAnalysis/Signals/c3d4_40k/Events/run_gg_4h_5_-9.0_-300.0,HW-run_gg_4h_5_-9.0_-300.0,5,-9.0,-300.0,/home/apapaefs/Projects/QuadrupleHiggsAnalysis/Signals/c3d4_40k/Events/run_gg_4h_5_-9.0_-300.0/unweighted_events.lhe.gz,40000,/home/apapaefs/Projects/QuadrupleHiggsAnalysis/HerwigSignalPoints/c3d4_40k/HW-run_gg_4h_5_-9.0_-300.0.in,/home/apapaefs/Projects/QuadrupleHiggsAnalysis/HerwigSignalPoints/c3d4_40k/HW-run_gg_4h_5_-9.0_-300.0.run,/home/apapaefs/Projects/QuadrupleHiggsAnalysis/HerwigSignalPoints/c3d4_40k/events/HW-run_gg_4h_5_-9.0_-300.0.root,/home/apapaefs/Projects/QuadrupleHiggsAnalysis/HerwigSignalPoints/c3d4_40k/events/HW-run_gg_4h_5_-9.0_-300.0_var.smearCMS.root,40000,42544366,existing target(s): /home/apapaefs/Projects/QuadrupleHiggsAnalysis/HerwigSignalPoints/c3d4_40k/HW-run_gg_4h_5_-9.0_-300.0.in
skipped_existing,/home/apapaefs/Projects/QuadrupleHiggsAnalysis/Signals/c3d4_40k/Events/run_gg_4h_5_-9.0_0.0,HW-run_gg_4h_5_-9.0_0.0,5,-9.0,0.0,/home/apapaefs/Projects/QuadrupleHiggsAnalysis/Signals/c3d4_40k/Events/run_gg_4h_5_-9.0_0.0/unweighted_events.lhe.gz,40000,/home/apapaefs/Projects/QuadrupleHiggsAnalysis/HerwigSignalPoints/c3d4_40k/HW-run_gg_4h_5_-9.0_0.0.in,/home/apapaefs/Projects/QuadrupleHiggsAnalysis/HerwigSignalPoints/c3d4_40k/HW-run_gg_4h_5_-9.0_0.0.run,/home/apapaefs/Projects/QuadrupleHiggsAnalysis/HerwigSignalPoints/c3d4_40k/events/HW-run_gg_4h_5_-9.0_0.0.root,/home/apapaefs/Projects/QuadrupleHiggsAnalysis/HerwigSignalPoints/c3d4_40k/events/HW-run_gg_4h_5_-9.0_0.0_var.smearCMS.root,40000,65508041,existing target(s): /home/apapaefs/Projects/QuadrupleHiggsAnalysis/HerwigSignalPoints/c3d4_40k/HW-run_gg_4h_5_-9.0_0.0.in
skipped_existing,/home/apapaefs/Projects/QuadrupleHiggsAnalysis/Signals/c3d4_40k/Events/run_gg_4h_5_-9.0_100.0,HW-run_gg_4h_5_-9.0_100.0,5,-9.0,100.0,/home/apapaefs/Projects/QuadrupleHiggsAnalysis/Signals/c3d4_40k/Events/run_gg_4h_5_-9.0_100.0/unweighted_events.lhe.gz,40000,/home/apapaefs/Projects/QuadrupleHiggsAnalysis/HerwigSignalPoints/c3d4_40k/HW-run_gg_4h_5_-9.0_100.0.in,/home/apapaefs/Projects/QuadrupleHiggsAnalysis/HerwigSignalPoints/c3d4_40k/HW-run_gg_4h_5_-9.0_100.0.run,/home/apapaefs/Projects/QuadrupleHiggsAnalysis/HerwigSignalPoints/c3d4_40k/events/HW-run_gg_4h_5_-9.0_100.0.root,/home/apapaefs/Projects/QuadrupleHiggsAnalysis/HerwigSignalPoints/c3d4_40k/events/HW-run_gg_4h_5_-9.0_100.0_var.smearCMS.root,40000,100101173,existing target(s): /home/apapaefs/Projects/QuadrupleHiggsAnalysis/HerwigSignalPoints/c3d4_40k/HW-run_gg_4h_5_-9.0_100.0.in
skipped_existing,/home/apapaefs/Projects/QuadrupleHiggsAnalysis/Signals/c3d4_40k/Events/run_gg_4h_5_-9.0_200.0,HW-run_gg_4h_5_-9.0_200.0,5,-9.0,200.0,/home/apapaefs/Projects/QuadrupleHiggsAnalysis/Signals/c3d4_40k/Events/run_gg_4h_5_-9.0_200.0/unweighted_events.lhe.gz,40000,/home/apapaefs/Projects/QuadrupleHiggsAnalysis/HerwigSignalPoints/c3d4_40k/HW-run_gg_4h_5_-9.0_200.0.in,/home/apapaefs/Projects/QuadrupleHiggsAnalysis/HerwigSignalPoints/c3d4_40k/HW-run_gg_4h_5_-9.0_200.0.run,/home/apapaefs/Projects/QuadrupleHiggsAnalysis/HerwigSignalPoints/c3d4_40k/events/HW-run_gg_4h_5_-9.0_200.0.root,/home/apapaefs/Projects/QuadrupleHiggsAnalysis/HerwigSignalPoints/c3d4_40k/events/HW-run_gg_4h_5_-9.0_200.0_var.smearCMS.root,40000,111468794,existing target(s): /home/apapaefs/Projects/QuadrupleHiggsAnalysis/HerwigSignalPoints/c3d4_40k/HW-run_gg_4h_5_-9.0_200.0.in
skipped_existing,/home/apapaefs/Projects/QuadrupleHiggsAnalysis/Signals/c3d4_40k/Events/run_gg_4h_5_-9.0_300.0,HW-run_gg_4h_5_-9.0_300.0,5,-9.0,300.0,/home/apapaefs/Projects/QuadrupleHiggsAnalysis/Signals/c3d4_40k/Events/run_gg_4h_5_-9.0_300.0/unweighted_events.lhe.gz,40000,/home/apapaefs/Projects/QuadrupleHiggsAnalysis/HerwigSignalPoints/c3d4_40k/HW-run_gg_4h_5_-9.0_300.0.in,/home/apapaefs/Projects/QuadrupleHiggsAnalysis/HerwigSignalPoints/c3d4_40k/HW-run_gg_4h_5_-9.0_300.0.run,/home/apapaefs/Projects/QuadrupleHiggsAnalysis/HerwigSignalPoints/c3d4_40k/events/HW-run_gg_4h_5_-9.0_300.0.root,/home/apapaefs/Projects/QuadrupleHiggsAnalysis/HerwigSignalPoints/c3d4_40k/events/HW-run_gg_4h_5_-9.0_300.0_var.smearCMS.root,40000,107353257,existing target(s): /home/apapaefs/Projects/QuadrupleHiggsAnalysis/HerwigSignalPoints/c3d4_40k/HW-run_gg_4h_5_-9.0_300.0.in
skipped_existing,/home/apapaefs/Projects/QuadrupleHiggsAnalysis/Signals/c3d4_40k/Events/run_gg_4h_5_0.0_-100.0,HW-run_gg_4h_5_0.0_-100.0,5,0.0,-100.0,/home/apapaefs/Projects/QuadrupleHiggsAnalysis/Signals/c3d4_40k/Events/run_gg_4h_5_0.0_-100.0/unweighted_events.lhe.gz,40000,/home/apapaefs/Projects/QuadrupleHiggsAnalysis/HerwigSignalPoints/c3d4_40k/HW-run_gg_4h_5_0.0_-100.0.in,/home/apapaefs/Projects/QuadrupleHiggsAnalysis/HerwigSignalPoints/c3d4_40k/HW-run_gg_4h_5_0.0_-100.0.run,/home/apapaefs/Projects/QuadrupleHiggsAnalysis/HerwigSignalPoints/c3d4_40k/events/HW-run_gg_4h_5_0.0_-100.0.root,/home/apapaefs/Projects/QuadrupleHiggsAnalysis/HerwigSignalPoints/c3d4_40k/events/HW-run_gg_4h_5_0.0_-100.0_var.smearCMS.root,40000,48427564,existing target(s): /home/apapaefs/Projects/QuadrupleHiggsAnalysis/HerwigSignalPoints/c3d4_40k/HW-run_gg_4h_5_0.0_-100.0.in
skipped_existing,/home/apapaefs/Projects/QuadrupleHiggsAnalysis/Signals/c3d4_40k/Events/run_gg_4h_5_0.0_-200.0,HW-run_gg_4h_5_0.0_-200.0,5,0.0,-200.0,/home/apapaefs/Projects/QuadrupleHiggsAnalysis/Signals/c3d4_40k/Events/run_gg_4h_5_0.0_-200.0/unweighted_events.lhe.gz,40000,/home/apapaefs/Projects/QuadrupleHiggsAnalysis/HerwigSignalPoints/c3d4_40k/HW-run_gg_4h_5_0.0_-200.0.in,/home/apapaefs/Projects/QuadrupleHiggsAnalysis/HerwigSignalPoints/c3d4_40k/HW-run_gg_4h_5_0.0_-200.0.run,/home/apapaefs/Projects/QuadrupleHiggsAnalysis/HerwigSignalPoints/c3d4_40k/events/HW-run_gg_4h_5_0.0_-200.0.root,/home/apapaefs/Projects/QuadrupleHiggsAnalysis/HerwigSignalPoints/c3d4_40k/events/HW-run_gg_4h_5_0.0_-200.0_var.smearCMS.root,40000,110362865,existing target(s): /home/apapaefs/Projects/QuadrupleHiggsAnalysis/HerwigSignalPoints/c3d4_40k/HW-run_gg_4h_5_0.0_-200.0.in
skipped_existing,/home/apapaefs/Projects/QuadrupleHiggsAnalysis/Signals/c3d4_40k/Events/run_gg_4h_5_0.0_-250.0,HW-run_gg_4h_5_0.0_-250.0,5,0.0,-250.0,/home/apapaefs/Projects/QuadrupleHiggsAnalysis/Signals/c3d4_40k/Events/run_gg_4h_5_0.0_-250.0/unweighted_events.lhe.gz,40000,/home/apapaefs/Projects/QuadrupleHiggsAnalysis/HerwigSignalPoints/c3d4_40k/HW-run_gg_4h_5_0.0_-250.0.in,/home/apapaefs/Projects/QuadrupleHiggsAnalysis/HerwigSignalPoints/c3d4_40k/HW-run_gg_4h_5_0.0_-250.0.run,/home/apapaefs/Projects/QuadrupleHiggsAnalysis/HerwigSignalPoints/c3d4_40k/events/HW-run_gg_4h_5_0.0_-250.0.root,/home/apapaefs/Projects/QuadrupleHiggsAnalysis/HerwigSignalPoints/c3d4_40k/events/HW-run_gg_4h_5_0.0_-250.0_var.smearCMS.root,40000,103129900,existing target(s): /home/apapaefs/Projects/QuadrupleHiggsAnalysis/HerwigSignalPoints/c3d4_40k/HW-run_gg_4h_5_0.0_-250.0.in
skipped_existing,/home/apapaefs/Projects/QuadrupleHiggsAnalysis/Signals/c3d4_40k/Events/run_gg_4h_5_0.0_-300.0,HW-run_gg_4h_5_0.0_-300.0,5,0.0,-300.0,/home/apapaefs/Projects/QuadrupleHiggsAnalysis/Signals/c3d4_40k/Events/run_gg_4h_5_0.0_-300.0/unweighted_events.lhe.gz,40000,/home/apapaefs/Projects/QuadrupleHiggsAnalysis/HerwigSignalPoints/c3d4_40k/HW-run_gg_4h_5_0.0_-300.0.in,/home/apapaefs/Projects/QuadrupleHiggsAnalysis/HerwigSignalPoints/c3d4_40k/HW-run_gg_4h_5_0.0_-300.0.run,/home/apapaefs/Projects/QuadrupleHiggsAnalysis/HerwigSignalPoints/c3d4_40k/events/HW-run_gg_4h_5_0.0_-300.0.root,/home/apapaefs/Projects/QuadrupleHiggsAnalysis/HerwigSignalPoints/c3d4_40k/events/HW-run_gg_4h_5_0.0_-300.0_var.smearCMS.root,40000,35678093,existing target(s): /home/apapaefs/Projects/QuadrupleHiggsAnalysis/HerwigSignalPoints/c3d4_40k/HW-run_gg_4h_5_0.0_-300.0.in
skipped_existing,/home/apapaefs/Projects/QuadrupleHiggsAnalysis/Signals/c3d4_40k/Events/run_gg_4h_5_0.0_-350.0,HW-run_gg_4h_5_0.0_-350.0,5,0.0,-350.0,/home/apapaefs/Projects/QuadrupleHiggsAnalysis/Signals/c3d4_40k/Events/run_gg_4h_5_0.0_-350.0/unweighted_events.lhe.gz,40000,/home/apapaefs/Projects/QuadrupleHiggsAnalysis/HerwigSignalPoints/c3d4_40k/HW-run_gg_4h_5_0.0_-350.0.in,/home/apapaefs/Projects/QuadrupleHiggsAnalysis/HerwigSignalPoints/c3d4_40k/HW-run_gg_4h_5_0.0_-350.0.run,/home/apapaefs/Projects/QuadrupleHiggsAnalysis/HerwigSignalPoints/c3d4_40k/events/HW-run_gg_4h_5_0.0_-350.0.root,/home/apapaefs/Projects/QuadrupleHiggsAnalysis/HerwigSignalPoints/c3d4_40k/events/HW-run_gg_4h_5_0.0_-350.0_var.smearCMS.root,40000,54189064,existing target(s): /home/apapaefs/Projects/QuadrupleHiggsAnalysis/HerwigSignalPoints/c3d4_40k/HW-run_gg_4h_5_0.0_-350.0.in
skipped_existing,/home/apapaefs/Projects/QuadrupleHiggsAnalysis/Signals/c3d4_40k/Events/run_gg_4h_5_0.0_-70.7107,HW-run_gg_4h_5_0.0_-70.7107,5,0.0,-70.7107,/home/apapaefs/Projects/QuadrupleHiggsAnalysis/Signals/c3d4_40k/Events/run_gg_4h_5_0.0_-70.7107/unweighted_events.lhe.gz,40000,/home/apapaefs/Projects/QuadrupleHiggsAnalysis/HerwigSignalPoints/c3d4_40k/HW-run_gg_4h_5_0.0_-70.7107.in,/home/apapaefs/Projects/QuadrupleHiggsAnalysis/HerwigSignalPoints/c3d4_40k/HW-run_gg_4h_5_0.0_-70.7107.run,/home/apapaefs/Projects/QuadrupleHiggsAnalysis/HerwigSignalPoints/c3d4_40k/events/HW-run_gg_4h_5_0.0_-70.7107.root,/home/apapaefs/Projects/QuadrupleHiggsAnalysis/HerwigSignalPoints/c3d4_40k/events/HW-run_gg_4h_5_0.0_-70.7107_var.smearCMS.root,40000,49074749,existing target(s): /home/apapaefs/Projects/QuadrupleHiggsAnalysis/HerwigSignalPoints/c3d4_40k/HW-run_gg_4h_5_0.0_-70.7107.in
skipped_existing,/home/apapaefs/Projects/QuadrupleHiggsAnalysis/Signals/c3d4_40k/Events/run_gg_4h_5_0.0_-700.0,HW-run_gg_4h_5_0.0_-700.0,5,0.0,-700.0,/home/apapaefs/Projects/QuadrupleHiggsAnalysis/Signals/c3d4_40k/Events/run_gg_4h_5_0.0_-700.0/unweighted_events.lhe.gz,40000,/home/apapaefs/Projects/QuadrupleHiggsAnalysis/HerwigSignalPoints/c3d4_40k/HW-run_gg_4h_5_0.0_-700.0.in,/home/apapaefs/Projects/QuadrupleHiggsAnalysis/HerwigSignalPoints/c3d4_40k/HW-run_gg_4h_5_0.0_-700.0.run,/home/apapaefs/Projects/QuadrupleHiggsAnalysis/HerwigSignalPoints/c3d4_40k/events/HW-run_gg_4h_5_0.0_-700.0.root,/home/apapaefs/Projects/QuadrupleHiggsAnalysis/HerwigSignalPoints/c3d4_40k/events/HW-run_gg_4h_5_0.0_-700.0_var.smearCMS.root,40000,59699068,existing target(s): /home/apapaefs/Projects/QuadrupleHiggsAnalysis/HerwigSignalPoints/c3d4_40k/HW-run_gg_4h_5_0.0_-700.0.in
skipped_existing,/home/apapaefs/Projects/QuadrupleHiggsAnalysis/Signals/c3d4_40k/Events/run_gg_4h_5_0.0_0.0,HW-run_gg_4h_5_0.0_0.0,5,0.0,0.0,/home/apapaefs/Projects/QuadrupleHiggsAnalysis/Signals/c3d4_40k/Events/run_gg_4h_5_0.0_0.0/unweighted_events.lhe.gz,40000,/home/apapaefs/Projects/QuadrupleHiggsAnalysis/HerwigSignalPoints/c3d4_40k/HW-run_gg_4h_5_0.0_0.0.in,/home/apapaefs/Projects/QuadrupleHiggsAnalysis/HerwigSignalPoints/c3d4_40k/HW-run_gg_4h_5_0.0_0.0.run,/home/apapaefs/Projects/QuadrupleHiggsAnalysis/HerwigSignalPoints/c3d4_40k/events/HW-run_gg_4h_5_0.0_0.0.root,/home/apapaefs/Projects/QuadrupleHiggsAnalysis/HerwigSignalPoints/c3d4_40k/events/HW-run_gg_4h_5_0.0_0.0_var.smearCMS.root,40000,43248506,existing target(s): /home/apapaefs/Projects/QuadrupleHiggsAnalysis/HerwigSignalPoints/c3d4_40k/HW-run_gg_4h_5_0.0_0.0.in
skipped_existing,/home/apapaefs/Projects/QuadrupleHiggsAnalysis/Signals/c3d4_40k/Events/run_gg_4h_5_0.0_100.0,HW-run_gg_4h_5_0.0_100.0,5,0.0,100.0,/home/apapaefs/Projects/QuadrupleHiggsAnalysis/Signals/c3d4_40k/Events/run_gg_4h_5_0.0_100.0/unweighted_events.lhe.gz,40000,/home/apapaefs/Projects/QuadrupleHiggsAnalysis/HerwigSignalPoints/c3d4_40k/HW-run_gg_4h_5_0.0_100.0.in,/home/apapaefs/Projects/QuadrupleHiggsAnalysis/HerwigSignalPoints/c3d4_40k/HW-run_gg_4h_5_0.0_100.0.run,/home/apapaefs/Projects/QuadrupleHiggsAnalysis/HerwigSignalPoints/c3d4_40k/events/HW-run_gg_4h_5_0.0_100.0.root,/home/apapaefs/Projects/QuadrupleHiggsAnalysis/HerwigSignalPoints/c3d4_40k/events/HW-run_gg_4h_5_0.0_100.0_var.smearCMS.root,40000,95692476,existing target(s): /home/apapaefs/Projects/QuadrupleHiggsAnalysis/HerwigSignalPoints/c3d4_40k/HW-run_gg_4h_5_0.0_100.0.in
skipped_existing,/home/apapaefs/Projects/QuadrupleHiggsAnalysis/Signals/c3d4_40k/Events/run_gg_4h_5_0.0_200.0,HW-run_gg_4h_5_0.0_200.0,5,0.0,200.0,/home/apapaefs/Projects/QuadrupleHiggsAnalysis/Signals/c3d4_40k/Events/run_gg_4h_5_0.0_200.0/unweighted_events.lhe.gz,40000,/home/apapaefs/Projects/QuadrupleHiggsAnalysis/HerwigSignalPoints/c3d4_40k/HW-run_gg_4h_5_0.0_200.0.in,/home/apapaefs/Projects/QuadrupleHiggsAnalysis/HerwigSignalPoints/c3d4_40k/HW-run_gg_4h_5_0.0_200.0.run,/home/apapaefs/Projects/QuadrupleHiggsAnalysis/HerwigSignalPoints/c3d4_40k/events/HW-run_gg_4h_5_0.0_200.0.root,/home/apapaefs/Projects/QuadrupleHiggsAnalysis/HerwigSignalPoints/c3d4_40k/events/HW-run_gg_4h_5_0.0_200.0_var.smearCMS.root,40000,57885502,existing target(s): /home/apapaefs/Projects/QuadrupleHiggsAnalysis/HerwigSignalPoints/c3d4_40k/HW-run_gg_4h_5_0.0_200.0.in
skipped_existing,/home/apapaefs/Projects/QuadrupleHiggsAnalysis/Signals/c3d4_40k/Events/run_gg_4h_5_0.0_250.0,HW-run_gg_4h_5_0.0_250.0,5,0.0,250.0,/home/apapaefs/Projects/QuadrupleHiggsAnalysis/Signals/c3d4_40k/Events/run_gg_4h_5_0.0_250.0/unweighted_events.lhe.gz,40000,/home/apapaefs/Projects/QuadrupleHiggsAnalysis/HerwigSignalPoints/c3d4_40k/HW-run_gg_4h_5_0.0_250.0.in,/home/apapaefs/Projects/QuadrupleHiggsAnalysis/HerwigSignalPoints/c3d4_40k/HW-run_gg_4h_5_0.0_250.0.run,/home/apapaefs/Projects/QuadrupleHiggsAnalysis/HerwigSignalPoints/c3d4_40k/events/HW-run_gg_4h_5_0.0_250.0.root,/home/apapaefs/Projects/QuadrupleHiggsAnalysis/HerwigSignalPoints/c3d4_40k/events/HW-run_gg_4h_5_0.0_250.0_var.smearCMS.root,40000,79582928,existing target(s): /home/apapaefs/Projects/QuadrupleHiggsAnalysis/HerwigSignalPoints/c3d4_40k/HW-run_gg_4h_5_0.0_250.0.in
skipped_existing,/home/apapaefs/Projects/QuadrupleHiggsAnalysis/Signals/c3d4_40k/Events/run_gg_4h_5_0.0_300.0,HW-run_gg_4h_5_0.0_300.0,5,0.0,300.0,/home/apapaefs/Projects/QuadrupleHiggsAnalysis/Signals/c3d4_40k/Events/run_gg_4h_5_0.0_300.0/unweighted_events.lhe.gz,40000,/home/apapaefs/Projects/QuadrupleHiggsAnalysis/HerwigSignalPoints/c3d4_40k/HW-run_gg_4h_5_0.0_300.0.in,/home/apapaefs/Projects/QuadrupleHiggsAnalysis/HerwigSignalPoints/c3d4_40k/HW-run_gg_4h_5_0.0_300.0.run,/home/apapaefs/Projects/QuadrupleHiggsAnalysis/HerwigSignalPoints/c3d4_40k/events/HW-run_gg_4h_5_0.0_300.0.root,/home/apapaefs/Projects/QuadrupleHiggsAnalysis/HerwigSignalPoints/c3d4_40k/events/HW-run_gg_4h_5_0.0_300.0_var.smearCMS.root,40000,49142427,existing target(s): /home/apapaefs/Projects/QuadrupleHiggsAnalysis/HerwigSignalPoints/c3d4_40k/HW-run_gg_4h_5_0.0_300.0.in
skipped_existing,/home/apapaefs/Projects/QuadrupleHiggsAnalysis/Signals/c3d4_40k/Events/run_gg_4h_5_0.0_350.0,HW-run_gg_4h_5_0.0_350.0,5,0.0,350.0,/home/apapaefs/Projects/QuadrupleHiggsAnalysis/Signals/c3d4_40k/Events/run_gg_4h_5_0.0_350.0/unweighted_events.lhe.gz,40000,/home/apapaefs/Projects/QuadrupleHiggsAnalysis/HerwigSignalPoints/c3d4_40k/HW-run_gg_4h_5_0.0_350.0.in,/home/apapaefs/Projects/QuadrupleHiggsAnalysis/HerwigSignalPoints/c3d4_40k/HW-run_gg_4h_5_0.0_350.0.run,/home/apapaefs/Projects/QuadrupleHiggsAnalysis/HerwigSignalPoints/c3d4_40k/events/HW-run_gg_4h_5_0.0_350.0.root,/home/apapaefs/Projects/QuadrupleHiggsAnalysis/HerwigSignalPoints/c3d4_40k/events/HW-run_gg_4h_5_0.0_350.0_var.smearCMS.root,40000,43688073,existing target(s): /home/apapaefs/Projects/QuadrupleHiggsAnalysis/HerwigSignalPoints/c3d4_40k/HW-run_gg_4h_5_0.0_350.0.in
skipped_existing,/home/apapaefs/Projects/QuadrupleHiggsAnalysis/Signals/c3d4_40k/Events/run_gg_4h_5_0.0_70.7107,HW-run_gg_4h_5_0.0_70.7107,5,0.0,70.7107,/home/apapaefs/Projects/QuadrupleHiggsAnalysis/Signals/c3d4_40k/Events/run_gg_4h_5_0.0_70.7107/unweighted_events.lhe.gz,40000,/home/apapaefs/Projects/QuadrupleHiggsAnalysis/HerwigSignalPoints/c3d4_40k/HW-run_gg_4h_5_0.0_70.7107.in,/home/apapaefs/Projects/QuadrupleHiggsAnalysis/HerwigSignalPoints/c3d4_40k/HW-run_gg_4h_5_0.0_70.7107.run,/home/apapaefs/Projects/QuadrupleHiggsAnalysis/HerwigSignalPoints/c3d4_40k/events/HW-run_gg_4h_5_0.0_70.7107.root,/home/apapaefs/Projects/QuadrupleHiggsAnalysis/HerwigSignalPoints/c3d4_40k/events/HW-run_gg_4h_5_0.0_70.7107_var.smearCMS.root,40000,53629867,existing target(s): /home/apapaefs/Projects/QuadrupleHiggsAnalysis/HerwigSignalPoints/c3d4_40k/HW-run_gg_4h_5_0.0_70.7107.in
skipped_existing,/home/apapaefs/Projects/QuadrupleHiggsAnalysis/Signals/c3d4_40k/Events/run_gg_4h_5_0.0_700.0,HW-run_gg_4h_5_0.0_700.0,5,0.0,700.0,/home/apapaefs/Projects/QuadrupleHiggsAnalysis/Signals/c3d4_40k/Events/run_gg_4h_5_0.0_700.0/unweighted_events.lhe.gz,40000,/home/apapaefs/Projects/QuadrupleHiggsAnalysis/HerwigSignalPoints/c3d4_40k/HW-run_gg_4h_5_0.0_700.0.in,/home/apapaefs/Projects/QuadrupleHiggsAnalysis/HerwigSignalPoints/c3d4_40k/HW-run_gg_4h_5_0.0_700.0.run,/home/apapaefs/Projects/QuadrupleHiggsAnalysis/HerwigSignalPoints/c3d4_40k/events/HW-run_gg_4h_5_0.0_700.0.root,/home/apapaefs/Projects/QuadrupleHiggsAnalysis/HerwigSignalPoints/c3d4_40k/events/HW-run_gg_4h_5_0.0_700.0_var.smearCMS.root,40000,125740122,existing target(s): /home/apapaefs/Projects/QuadrupleHiggsAnalysis/HerwigSignalPoints/c3d4_40k/HW-run_gg_4h_5_0.0_700.0.in
skipped_existing,/home/apapaefs/Projects/QuadrupleHiggsAnalysis/Signals/c3d4_40k/Events/run_gg_4h_5_0.258819_0.0,HW-run_gg_4h_5_0.258819_0.0,5,0.258819,0.0,/home/apapaefs/Projects/QuadrupleHiggsAnalysis/Signals/c3d4_40k/Events/run_gg_4h_5_0.258819_0.0/unweighted_events.lhe.gz,40000,/home/apapaefs/Projects/QuadrupleHiggsAnalysis/HerwigSignalPoints/c3d4_40k/HW-run_gg_4h_5_0.258819_0.0.in,/home/apapaefs/Projects/QuadrupleHiggsAnalysis/HerwigSignalPoints/c3d4_40k/HW-run_gg_4h_5_0.258819_0.0.run,/home/apapaefs/Projects/QuadrupleHiggsAnalysis/HerwigSignalPoints/c3d4_40k/events/HW-run_gg_4h_5_0.258819_0.0.root,/home/apapaefs/Projects/QuadrupleHiggsAnalysis/HerwigSignalPoints/c3d4_40k/events/HW-run_gg_4h_5_0.258819_0.0_var.smearCMS.root,40000,36099925,existing target(s): /home/apapaefs/Projects/QuadrupleHiggsAnalysis/HerwigSignalPoints/c3d4_40k/HW-run_gg_4h_5_0.258819_0.0.in
skipped_existing,/home/apapaefs/Projects/QuadrupleHiggsAnalysis/Signals/c3d4_40k/Events/run_gg_4h_5_0.5_-100.0,HW-run_gg_4h_5_0.5_-100.0,5,0.5,-100.0,/home/apapaefs/Projects/QuadrupleHiggsAnalysis/Signals/c3d4_40k/Events/run_gg_4h_5_0.5_-100.0/unweighted_events.lhe.gz,40000,/home/apapaefs/Projects/QuadrupleHiggsAnalysis/HerwigSignalPoints/c3d4_40k/HW-run_gg_4h_5_0.5_-100.0.in,/home/apapaefs/Projects/QuadrupleHiggsAnalysis/HerwigSignalPoints/c3d4_40k/HW-run_gg_4h_5_0.5_-100.0.run,/home/apapaefs/Projects/QuadrupleHiggsAnalysis/HerwigSignalPoints/c3d4_40k/events/HW-run_gg_4h_5_0.5_-100.0.root,/home/apapaefs/Projects/QuadrupleHiggsAnalysis/HerwigSignalPoints/c3d4_40k/events/HW-run_gg_4h_5_0.5_-100.0_var.smearCMS.root,40000,54576037,existing target(s): /home/apapaefs/Projects/QuadrupleHiggsAnalysis/HerwigSignalPoints/c3d4_40k/HW-run_gg_4h_5_0.5_-100.0.in
skipped_existing,/home/apapaefs/Projects/QuadrupleHiggsAnalysis/Signals/c3d4_40k/Events/run_gg_4h_5_0.5_-70.7107,HW-run_gg_4h_5_0.5_-70.7107,5,0.5,-70.7107,/home/apapaefs/Projects/QuadrupleHiggsAnalysis/Signals/c3d4_40k/Events/run_gg_4h_5_0.5_-70.7107/unweighted_events.lhe.gz,40000,/home/apapaefs/Projects/QuadrupleHiggsAnalysis/HerwigSignalPoints/c3d4_40k/HW-run_gg_4h_5_0.5_-70.7107.in,/home/apapaefs/Projects/QuadrupleHiggsAnalysis/HerwigSignalPoints/c3d4_40k/HW-run_gg_4h_5_0.5_-70.7107.run,/home/apapaefs/Projects/QuadrupleHiggsAnalysis/HerwigSignalPoints/c3d4_40k/events/HW-run_gg_4h_5_0.5_-70.7107.root,/home/apapaefs/Projects/QuadrupleHiggsAnalysis/HerwigSignalPoints/c3d4_40k/events/HW-run_gg_4h_5_0.5_-70.7107_var.smearCMS.root,40000,115591626,existing target(s): /home/apapaefs/Projects/QuadrupleHiggsAnalysis/HerwigSignalPoints/c3d4_40k/HW-run_gg_4h_5_0.5_-70.7107.in
skipped_existing,/home/apapaefs/Projects/QuadrupleHiggsAnalysis/Signals/c3d4_40k/Events/run_gg_4h_5_0.5_0.0,HW-run_gg_4h_5_0.5_0.0,5,0.5,0.0,/home/apapaefs/Projects/QuadrupleHiggsAnalysis/Signals/c3d4_40k/Events/run_gg_4h_5_0.5_0.0/unweighted_events.lhe.gz,40000,/home/apapaefs/Projects/QuadrupleHiggsAnalysis/HerwigSignalPoints/c3d4_40k/HW-run_gg_4h_5_0.5_0.0.in,/home/apapaefs/Projects/QuadrupleHiggsAnalysis/HerwigSignalPoints/c3d4_40k/HW-run_gg_4h_5_0.5_0.0.run,/home/apapaefs/Projects/QuadrupleHiggsAnalysis/HerwigSignalPoints/c3d4_40k/events/HW-run_gg_4h_5_0.5_0.0.root,/home/apapaefs/Projects/QuadrupleHiggsAnalysis/HerwigSignalPoints/c3d4_40k/events/HW-run_gg_4h_5_0.5_0.0_var.smearCMS.root,40000,116166361,existing target(s): /home/apapaefs/Projects/QuadrupleHiggsAnalysis/HerwigSignalPoints/c3d4_40k/HW-run_gg_4h_5_0.5_0.0.in
skipped_existing,/home/apapaefs/Projects/QuadrupleHiggsAnalysis/Signals/c3d4_40k/Events/run_gg_4h_5_0.5_100.0,HW-run_gg_4h_5_0.5_100.0,5,0.5,100.0,/home/apapaefs/Projects/QuadrupleHiggsAnalysis/Signals/c3d4_40k/Events/run_gg_4h_5_0.5_100.0/unweighted_events.lhe.gz,40000,/home/apapaefs/Projects/QuadrupleHiggsAnalysis/HerwigSignalPoints/c3d4_40k/HW-run_gg_4h_5_0.5_100.0.in,/home/apapaefs/Projects/QuadrupleHiggsAnalysis/HerwigSignalPoints/c3d4_40k/HW-run_gg_4h_5_0.5_100.0.run,/home/apapaefs/Projects/QuadrupleHiggsAnalysis/HerwigSignalPoints/c3d4_40k/events/HW-run_gg_4h_5_0.5_100.0.root,/home/apapaefs/Projects/QuadrupleHiggsAnalysis/HerwigSignalPoints/c3d4_40k/events/HW-run_gg_4h_5_0.5_100.0_var.smearCMS.root,40000,77173420,existing target(s): /home/apapaefs/Projects/QuadrupleHiggsAnalysis/HerwigSignalPoints/c3d4_40k/HW-run_gg_4h_5_0.5_100.0.in
skipped_existing,/home/apapaefs/Projects/QuadrupleHiggsAnalysis/Signals/c3d4_40k/Events/run_gg_4h_5_0.5_70.7107,HW-run_gg_4h_5_0.5_70.7107,5,0.5,70.7107,/home/apapaefs/Projects/QuadrupleHiggsAnalysis/Signals/c3d4_40k/Events/run_gg_4h_5_0.5_70.7107/unweighted_events.lhe.gz,40000,/home/apapaefs/Projects/QuadrupleHiggsAnalysis/HerwigSignalPoints/c3d4_40k/HW-run_gg_4h_5_0.5_70.7107.in,/home/apapaefs/Projects/QuadrupleHiggsAnalysis/HerwigSignalPoints/c3d4_40k/HW-run_gg_4h_5_0.5_70.7107.run,/home/apapaefs/Projects/QuadrupleHiggsAnalysis/HerwigSignalPoints/c3d4_40k/events/HW-run_gg_4h_5_0.5_70.7107.root,/home/apapaefs/Projects/QuadrupleHiggsAnalysis/HerwigSignalPoints/c3d4_40k/events/HW-run_gg_4h_5_0.5_70.7107_var.smearCMS.root,40000,73522337,existing target(s): /home/apapaefs/Projects/QuadrupleHiggsAnalysis/HerwigSignalPoints/c3d4_40k/HW-run_gg_4h_5_0.5_70.7107.in
skipped_existing,/home/apapaefs/Projects/QuadrupleHiggsAnalysis/Signals/c3d4_40k/Events/run_gg_4h_5_0.707107_0.0,HW-run_gg_4h_5_0.707107_0.0,5,0.707107,0.0,/home/apapaefs/Projects/QuadrupleHiggsAnalysis/Signals/c3d4_40k/Events/run_gg_4h_5_0.707107_0.0/unweighted_events.lhe.gz,40000,/home/apapaefs/Projects/QuadrupleHiggsAnalysis/HerwigSignalPoints/c3d4_40k/HW-run_gg_4h_5_0.707107_0.0.in,/home/apapaefs/Projects/QuadrupleHiggsAnalysis/HerwigSignalPoints/c3d4_40k/HW-run_gg_4h_5_0.707107_0.0.run,/home/apapaefs/Projects/QuadrupleHiggsAnalysis/HerwigSignalPoints/c3d4_40k/events/HW-run_gg_4h_5_0.707107_0.0.root,/home/apapaefs/Projects/QuadrupleHiggsAnalysis/HerwigSignalPoints/c3d4_40k/events/HW-run_gg_4h_5_0.707107_0.0_var.smearCMS.root,40000,72185694,existing target(s): /home/apapaefs/Projects/QuadrupleHiggsAnalysis/HerwigSignalPoints/c3d4_40k/HW-run_gg_4h_5_0.707107_0.0.in
skipped_existing,/home/apapaefs/Projects/QuadrupleHiggsAnalysis/Signals/c3d4_40k/Events/run_gg_4h_5_0.866025_-100.0,HW-run_gg_4h_5_0.866025_-100.0,5,0.866025,-100.0,/home/apapaefs/Projects/QuadrupleHiggsAnalysis/Signals/c3d4_40k/Events/run_gg_4h_5_0.866025_-100.0/unweighted_events.lhe.gz,40000,/home/apapaefs/Projects/QuadrupleHiggsAnalysis/HerwigSignalPoints/c3d4_40k/HW-run_gg_4h_5_0.866025_-100.0.in,/home/apapaefs/Projects/QuadrupleHiggsAnalysis/HerwigSignalPoints/c3d4_40k/HW-run_gg_4h_5_0.866025_-100.0.run,/home/apapaefs/Projects/QuadrupleHiggsAnalysis/HerwigSignalPoints/c3d4_40k/events/HW-run_gg_4h_5_0.866025_-100.0.root,/home/apapaefs/Projects/QuadrupleHiggsAnalysis/HerwigSignalPoints/c3d4_40k/events/HW-run_gg_4h_5_0.866025_-100.0_var.smearCMS.root,40000,118466754,existing target(s): /home/apapaefs/Projects/QuadrupleHiggsAnalysis/HerwigSignalPoints/c3d4_40k/HW-run_gg_4h_5_0.866025_-100.0.in
skipped_existing,/home/apapaefs/Projects/QuadrupleHiggsAnalysis/Signals/c3d4_40k/Events/run_gg_4h_5_0.866025_-70.7107,HW-run_gg_4h_5_0.866025_-70.7107,5,0.866025,-70.7107,/home/apapaefs/Projects/QuadrupleHiggsAnalysis/Signals/c3d4_40k/Events/run_gg_4h_5_0.866025_-70.7107/unweighted_events.lhe.gz,40000,/home/apapaefs/Projects/QuadrupleHiggsAnalysis/HerwigSignalPoints/c3d4_40k/HW-run_gg_4h_5_0.866025_-70.7107.in,/home/apapaefs/Projects/QuadrupleHiggsAnalysis/HerwigSignalPoints/c3d4_40k/HW-run_gg_4h_5_0.866025_-70.7107.run,/home/apapaefs/Projects/QuadrupleHiggsAnalysis/HerwigSignalPoints/c3d4_40k/events/HW-run_gg_4h_5_0.866025_-70.7107.root,/home/apapaefs/Projects/QuadrupleHiggsAnalysis/HerwigSignalPoints/c3d4_40k/events/HW-run_gg_4h_5_0.866025_-70.7107_var.smearCMS.root,40000,75301344,existing target(s): /home/apapaefs/Projects/QuadrupleHiggsAnalysis/HerwigSignalPoints/c3d4_40k/HW-run_gg_4h_5_0.866025_-70.7107.in
skipped_existing,/home/apapaefs/Projects/QuadrupleHiggsAnalysis/Signals/c3d4_40k/Events/run_gg_4h_5_0.866025_0.0,HW-run_gg_4h_5_0.866025_0.0,5,0.866025,0.0,/home/apapaefs/Projects/QuadrupleHiggsAnalysis/Signals/c3d4_40k/Events/run_gg_4h_5_0.866025_0.0/unweighted_events.lhe.gz,40000,/home/apapaefs/Projects/QuadrupleHiggsAnalysis/HerwigSignalPoints/c3d4_40k/HW-run_gg_4h_5_0.866025_0.0.in,/home/apapaefs/Projects/QuadrupleHiggsAnalysis/HerwigSignalPoints/c3d4_40k/HW-run_gg_4h_5_0.866025_0.0.run,/home/apapaefs/Projects/QuadrupleHiggsAnalysis/HerwigSignalPoints/c3d4_40k/events/HW-run_gg_4h_5_0.866025_0.0.root,/home/apapaefs/Projects/QuadrupleHiggsAnalysis/HerwigSignalPoints/c3d4_40k/events/HW-run_gg_4h_5_0.866025_0.0_var.smearCMS.root,40000,113239039,existing target(s): /home/apapaefs/Projects/QuadrupleHiggsAnalysis/HerwigSignalPoints/c3d4_40k/HW-run_gg_4h_5_0.866025_0.0.in
skipped_existing,/home/apapaefs/Projects/QuadrupleHiggsAnalysis/Signals/c3d4_40k/Events/run_gg_4h_5_0.866025_100.0,HW-run_gg_4h_5_0.866025_100.0,5,0.866025,100.0,/home/apapaefs/Projects/QuadrupleHiggsAnalysis/Signals/c3d4_40k/Events/run_gg_4h_5_0.866025_100.0/unweighted_events.lhe.gz,40000,/home/apapaefs/Projects/QuadrupleHiggsAnalysis/HerwigSignalPoints/c3d4_40k/HW-run_gg_4h_5_0.866025_100.0.in,/home/apapaefs/Projects/QuadrupleHiggsAnalysis/HerwigSignalPoints/c3d4_40k/HW-run_gg_4h_5_0.866025_100.0.run,/home/apapaefs/Projects/QuadrupleHiggsAnalysis/HerwigSignalPoints/c3d4_40k/events/HW-run_gg_4h_5_0.866025_100.0.root,/home/apapaefs/Projects/QuadrupleHiggsAnalysis/HerwigSignalPoints/c3d4_40k/events/HW-run_gg_4h_5_0.866025_100.0_var.smearCMS.root,40000,114553325,existing target(s): /home/apapaefs/Projects/QuadrupleHiggsAnalysis/HerwigSignalPoints/c3d4_40k/HW-run_gg_4h_5_0.866025_100.0.in
skipped_existing,/home/apapaefs/Projects/QuadrupleHiggsAnalysis/Signals/c3d4_40k/Events/run_gg_4h_5_0.866025_70.7107,HW-run_gg_4h_5_0.866025_70.7107,5,0.866025,70.7107,/home/apapaefs/Projects/QuadrupleHiggsAnalysis/Signals/c3d4_40k/Events/run_gg_4h_5_0.866025_70.7107/unweighted_events.lhe.gz,40000,/home/apapaefs/Projects/QuadrupleHiggsAnalysis/HerwigSignalPoints/c3d4_40k/HW-run_gg_4h_5_0.866025_70.7107.in,/home/apapaefs/Projects/QuadrupleHiggsAnalysis/HerwigSignalPoints/c3d4_40k/HW-run_gg_4h_5_0.866025_70.7107.run,/home/apapaefs/Projects/QuadrupleHiggsAnalysis/HerwigSignalPoints/c3d4_40k/events/HW-run_gg_4h_5_0.866025_70.7107.root,/home/apapaefs/Projects/QuadrupleHiggsAnalysis/HerwigSignalPoints/c3d4_40k/events/HW-run_gg_4h_5_0.866025_70.7107_var.smearCMS.root,40000,123875454,existing target(s): /home/apapaefs/Projects/QuadrupleHiggsAnalysis/HerwigSignalPoints/c3d4_40k/HW-run_gg_4h_5_0.866025_70.7107.in
skipped_existing,/home/apapaefs/Projects/QuadrupleHiggsAnalysis/Signals/c3d4_40k/Events/run_gg_4h_5_0.965926_0.0,HW-run_gg_4h_5_0.965926_0.0,5,0.965926,0.0,/home/apapaefs/Projects/QuadrupleHiggsAnalysis/Signals/c3d4_40k/Events/run_gg_4h_5_0.965926_0.0/unweighted_events.lhe.gz,40000,/home/apapaefs/Projects/QuadrupleHiggsAnalysis/HerwigSignalPoints/c3d4_40k/HW-run_gg_4h_5_0.965926_0.0.in,/home/apapaefs/Projects/QuadrupleHiggsAnalysis/HerwigSignalPoints/c3d4_40k/HW-run_gg_4h_5_0.965926_0.0.run,/home/apapaefs/Projects/QuadrupleHiggsAnalysis/HerwigSignalPoints/c3d4_40k/events/HW-run_gg_4h_5_0.965926_0.0.root,/home/apapaefs/Projects/QuadrupleHiggsAnalysis/HerwigSignalPoints/c3d4_40k/events/HW-run_gg_4h_5_0.965926_0.0_var.smearCMS.root,40000,94282684,existing target(s): /home/apapaefs/Projects/QuadrupleHiggsAnalysis/HerwigSignalPoints/c3d4_40k/HW-run_gg_4h_5_0.965926_0.0.in
skipped_existing,/home/apapaefs/Projects/QuadrupleHiggsAnalysis/Signals/c3d4_40k/Events/run_gg_4h_5_1.0_-100.0,HW-run_gg_4h_5_1.0_-100.0,5,1.0,-100.0,/home/apapaefs/Projects/QuadrupleHiggsAnalysis/Signals/c3d4_40k/Events/run_gg_4h_5_1.0_-100.0/unweighted_events.lhe.gz,40000,/home/apapaefs/Projects/QuadrupleHiggsAnalysis/HerwigSignalPoints/c3d4_40k/HW-run_gg_4h_5_1.0_-100.0.in,/home/apapaefs/Projects/QuadrupleHiggsAnalysis/HerwigSignalPoints/c3d4_40k/HW-run_gg_4h_5_1.0_-100.0.run,/home/apapaefs/Projects/QuadrupleHiggsAnalysis/HerwigSignalPoints/c3d4_40k/events/HW-run_gg_4h_5_1.0_-100.0.root,/home/apapaefs/Projects/QuadrupleHiggsAnalysis/HerwigSignalPoints/c3d4_40k/events/HW-run_gg_4h_5_1.0_-100.0_var.smearCMS.root,40000,33951060,existing target(s): /home/apapaefs/Projects/QuadrupleHiggsAnalysis/HerwigSignalPoints/c3d4_40k/HW-run_gg_4h_5_1.0_-100.0.in
skipped_existing,/home/apapaefs/Projects/QuadrupleHiggsAnalysis/Signals/c3d4_40k/Events/run_gg_4h_5_1.0_-70.7107,HW-run_gg_4h_5_1.0_-70.7107,5,1.0,-70.7107,/home/apapaefs/Projects/QuadrupleHiggsAnalysis/Signals/c3d4_40k/Events/run_gg_4h_5_1.0_-70.7107/unweighted_events.lhe.gz,40000,/home/apapaefs/Projects/QuadrupleHiggsAnalysis/HerwigSignalPoints/c3d4_40k/HW-run_gg_4h_5_1.0_-70.7107.in,/home/apapaefs/Projects/QuadrupleHiggsAnalysis/HerwigSignalPoints/c3d4_40k/HW-run_gg_4h_5_1.0_-70.7107.run,/home/apapaefs/Projects/QuadrupleHiggsAnalysis/HerwigSignalPoints/c3d4_40k/events/HW-run_gg_4h_5_1.0_-70.7107.root,/home/apapaefs/Projects/QuadrupleHiggsAnalysis/HerwigSignalPoints/c3d4_40k/events/HW-run_gg_4h_5_1.0_-70.7107_var.smearCMS.root,40000,102463700,existing target(s): /home/apapaefs/Projects/QuadrupleHiggsAnalysis/HerwigSignalPoints/c3d4_40k/HW-run_gg_4h_5_1.0_-70.7107.in
skipped_existing,/home/apapaefs/Projects/QuadrupleHiggsAnalysis/Signals/c3d4_40k/Events/run_gg_4h_5_1.0_0.0,HW-run_gg_4h_5_1.0_0.0,5,1.0,0.0,/home/apapaefs/Projects/QuadrupleHiggsAnalysis/Signals/c3d4_40k/Events/run_gg_4h_5_1.0_0.0/unweighted_events.lhe.gz,40000,/home/apapaefs/Projects/QuadrupleHiggsAnalysis/HerwigSignalPoints/c3d4_40k/HW-run_gg_4h_5_1.0_0.0.in,/home/apapaefs/Projects/QuadrupleHiggsAnalysis/HerwigSignalPoints/c3d4_40k/HW-run_gg_4h_5_1.0_0.0.run,/home/apapaefs/Projects/QuadrupleHiggsAnalysis/HerwigSignalPoints/c3d4_40k/events/HW-run_gg_4h_5_1.0_0.0.root,/home/apapaefs/Projects/QuadrupleHiggsAnalysis/HerwigSignalPoints/c3d4_40k/events/HW-run_gg_4h_5_1.0_0.0_var.smearCMS.root,40000,80720426,existing target(s): /home/apapaefs/Projects/QuadrupleHiggsAnalysis/HerwigSignalPoints/c3d4_40k/HW-run_gg_4h_5_1.0_0.0.in
skipped_existing,/home/apapaefs/Projects/QuadrupleHiggsAnalysis/Signals/c3d4_40k/Events/run_gg_4h_5_1.0_100.0,HW-run_gg_4h_5_1.0_100.0,5,1.0,100.0,/home/apapaefs/Projects/QuadrupleHiggsAnalysis/Signals/c3d4_40k/Events/run_gg_4h_5_1.0_100.0/unweighted_events.lhe.gz,40000,/home/apapaefs/Projects/QuadrupleHiggsAnalysis/HerwigSignalPoints/c3d4_40k/HW-run_gg_4h_5_1.0_100.0.in,/home/apapaefs/Projects/QuadrupleHiggsAnalysis/HerwigSignalPoints/c3d4_40k/HW-run_gg_4h_5_1.0_100.0.run,/home/apapaefs/Projects/QuadrupleHiggsAnalysis/HerwigSignalPoints/c3d4_40k/events/HW-run_gg_4h_5_1.0_100.0.root,/home/apapaefs/Projects/QuadrupleHiggsAnalysis/HerwigSignalPoints/c3d4_40k/events/HW-run_gg_4h_5_1.0_100.0_var.smearCMS.root,40000,127967829,existing target(s): /home/apapaefs/Projects/QuadrupleHiggsAnalysis/HerwigSignalPoints/c3d4_40k/HW-run_gg_4h_5_1.0_100.0.in
skipped_existing,/home/apapaefs/Projects/QuadrupleHiggsAnalysis/Signals/c3d4_40k/Events/run_gg_4h_5_1.0_70.7107,HW-run_gg_4h_5_1.0_70.7107,5,1.0,70.7107,/home/apapaefs/Projects/QuadrupleHiggsAnalysis/Signals/c3d4_40k/Events/run_gg_4h_5_1.0_70.7107/unweighted_events.lhe.gz,40000,/home/apapaefs/Projects/QuadrupleHiggsAnalysis/HerwigSignalPoints/c3d4_40k/HW-run_gg_4h_5_1.0_70.7107.in,/home/apapaefs/Projects/QuadrupleHiggsAnalysis/HerwigSignalPoints/c3d4_40k/HW-run_gg_4h_5_1.0_70.7107.run,/home/apapaefs/Projects/QuadrupleHiggsAnalysis/HerwigSignalPoints/c3d4_40k/events/HW-run_gg_4h_5_1.0_70.7107.root,/home/apapaefs/Projects/QuadrupleHiggsAnalysis/HerwigSignalPoints/c3d4_40k/events/HW-run_gg_4h_5_1.0_70.7107_var.smearCMS.root,40000,47158787,existing target(s): /home/apapaefs/Projects/QuadrupleHiggsAnalysis/HerwigSignalPoints/c3d4_40k/HW-run_gg_4h_5_1.0_70.7107.in
skipped_existing,/home/apapaefs/Projects/QuadrupleHiggsAnalysis/Signals/c3d4_40k/Events/run_gg_4h_5_1.5_-150.0,HW-run_gg_4h_5_1.5_-150.0,5,1.5,-150.0,/home/apapaefs/Projects/QuadrupleHiggsAnalysis/Signals/c3d4_40k/Events/run_gg_4h_5_1.5_-150.0/unweighted_events.lhe.gz,40000,/home/apapaefs/Projects/QuadrupleHiggsAnalysis/HerwigSignalPoints/c3d4_40k/HW-run_gg_4h_5_1.5_-150.0.in,/home/apapaefs/Projects/QuadrupleHiggsAnalysis/HerwigSignalPoints/c3d4_40k/HW-run_gg_4h_5_1.5_-150.0.run,/home/apapaefs/Projects/QuadrupleHiggsAnalysis/HerwigSignalPoints/c3d4_40k/events/HW-run_gg_4h_5_1.5_-150.0.root,/home/apapaefs/Projects/QuadrupleHiggsAnalysis/HerwigSignalPoints/c3d4_40k/events/HW-run_gg_4h_5_1.5_-150.0_var.smearCMS.root,40000,60504235,existing target(s): /home/apapaefs/Projects/QuadrupleHiggsAnalysis/HerwigSignalPoints/c3d4_40k/HW-run_gg_4h_5_1.5_-150.0.in
skipped_existing,/home/apapaefs/Projects/QuadrupleHiggsAnalysis/Signals/c3d4_40k/Events/run_gg_4h_5_1.5_-250.0,HW-run_gg_4h_5_1.5_-250.0,5,1.5,-250.0,/home/apapaefs/Projects/QuadrupleHiggsAnalysis/Signals/c3d4_40k/Events/run_gg_4h_5_1.5_-250.0/unweighted_events.lhe.gz,40000,/home/apapaefs/Projects/QuadrupleHiggsAnalysis/HerwigSignalPoints/c3d4_40k/HW-run_gg_4h_5_1.5_-250.0.in,/home/apapaefs/Projects/QuadrupleHiggsAnalysis/HerwigSignalPoints/c3d4_40k/HW-run_gg_4h_5_1.5_-250.0.run,/home/apapaefs/Projects/QuadrupleHiggsAnalysis/HerwigSignalPoints/c3d4_40k/events/HW-run_gg_4h_5_1.5_-250.0.root,/home/apapaefs/Projects/QuadrupleHiggsAnalysis/HerwigSignalPoints/c3d4_40k/events/HW-run_gg_4h_5_1.5_-250.0_var.smearCMS.root,40000,90432594,existing target(s): /home/apapaefs/Projects/QuadrupleHiggsAnalysis/HerwigSignalPoints/c3d4_40k/HW-run_gg_4h_5_1.5_-250.0.in
skipped_existing,/home/apapaefs/Projects/QuadrupleHiggsAnalysis/Signals/c3d4_40k/Events/run_gg_4h_5_1.5_-350.0,HW-run_gg_4h_5_1.5_-350.0,5,1.5,-350.0,/home/apapaefs/Projects/QuadrupleHiggsAnalysis/Signals/c3d4_40k/Events/run_gg_4h_5_1.5_-350.0/unweighted_events.lhe.gz,40000,/home/apapaefs/Projects/QuadrupleHiggsAnalysis/HerwigSignalPoints/c3d4_40k/HW-run_gg_4h_5_1.5_-350.0.in,/home/apapaefs/Projects/QuadrupleHiggsAnalysis/HerwigSignalPoints/c3d4_40k/HW-run_gg_4h_5_1.5_-350.0.run,/home/apapaefs/Projects/QuadrupleHiggsAnalysis/HerwigSignalPoints/c3d4_40k/events/HW-run_gg_4h_5_1.5_-350.0.root,/home/apapaefs/Projects/QuadrupleHiggsAnalysis/HerwigSignalPoints/c3d4_40k/events/HW-run_gg_4h_5_1.5_-350.0_var.smearCMS.root,40000,69984338,existing target(s): /home/apapaefs/Projects/QuadrupleHiggsAnalysis/HerwigSignalPoints/c3d4_40k/HW-run_gg_4h_5_1.5_-350.0.in
skipped_existing,/home/apapaefs/Projects/QuadrupleHiggsAnalysis/Signals/c3d4_40k/Events/run_gg_4h_5_1.5_150.0,HW-run_gg_4h_5_1.5_150.0,5,1.5,150.0,/home/apapaefs/Projects/QuadrupleHiggsAnalysis/Signals/c3d4_40k/Events/run_gg_4h_5_1.5_150.0/unweighted_events.lhe.gz,40000,/home/apapaefs/Projects/QuadrupleHiggsAnalysis/HerwigSignalPoints/c3d4_40k/HW-run_gg_4h_5_1.5_150.0.in,/home/apapaefs/Projects/QuadrupleHiggsAnalysis/HerwigSignalPoints/c3d4_40k/HW-run_gg_4h_5_1.5_150.0.run,/home/apapaefs/Projects/QuadrupleHiggsAnalysis/HerwigSignalPoints/c3d4_40k/events/HW-run_gg_4h_5_1.5_150.0.root,/home/apapaefs/Projects/QuadrupleHiggsAnalysis/HerwigSignalPoints/c3d4_40k/events/HW-run_gg_4h_5_1.5_150.0_var.smearCMS.root,40000,102757514,existing target(s): /home/apapaefs/Projects/QuadrupleHiggsAnalysis/HerwigSignalPoints/c3d4_40k/HW-run_gg_4h_5_1.5_150.0.in
skipped_existing,/home/apapaefs/Projects/QuadrupleHiggsAnalysis/Signals/c3d4_40k/Events/run_gg_4h_5_1.5_250.0,HW-run_gg_4h_5_1.5_250.0,5,1.5,250.0,/home/apapaefs/Projects/QuadrupleHiggsAnalysis/Signals/c3d4_40k/Events/run_gg_4h_5_1.5_250.0/unweighted_events.lhe.gz,40000,/home/apapaefs/Projects/QuadrupleHiggsAnalysis/HerwigSignalPoints/c3d4_40k/HW-run_gg_4h_5_1.5_250.0.in,/home/apapaefs/Projects/QuadrupleHiggsAnalysis/HerwigSignalPoints/c3d4_40k/HW-run_gg_4h_5_1.5_250.0.run,/home/apapaefs/Projects/QuadrupleHiggsAnalysis/HerwigSignalPoints/c3d4_40k/events/HW-run_gg_4h_5_1.5_250.0.root,/home/apapaefs/Projects/QuadrupleHiggsAnalysis/HerwigSignalPoints/c3d4_40k/events/HW-run_gg_4h_5_1.5_250.0_var.smearCMS.root,40000,115458954,existing target(s): /home/apapaefs/Projects/QuadrupleHiggsAnalysis/HerwigSignalPoints/c3d4_40k/HW-run_gg_4h_5_1.5_250.0.in
skipped_existing,/home/apapaefs/Projects/QuadrupleHiggsAnalysis/Signals/c3d4_40k/Events/run_gg_4h_5_1.5_350.0,HW-run_gg_4h_5_1.5_350.0,5,1.5,350.0,/home/apapaefs/Projects/QuadrupleHiggsAnalysis/Signals/c3d4_40k/Events/run_gg_4h_5_1.5_350.0/unweighted_events.lhe.gz,40000,/home/apapaefs/Projects/QuadrupleHiggsAnalysis/HerwigSignalPoints/c3d4_40k/HW-run_gg_4h_5_1.5_350.0.in,/home/apapaefs/Projects/QuadrupleHiggsAnalysis/HerwigSignalPoints/c3d4_40k/HW-run_gg_4h_5_1.5_350.0.run,/home/apapaefs/Projects/QuadrupleHiggsAnalysis/HerwigSignalPoints/c3d4_40k/events/HW-run_gg_4h_5_1.5_350.0.root,/home/apapaefs/Projects/QuadrupleHiggsAnalysis/HerwigSignalPoints/c3d4_40k/events/HW-run_gg_4h_5_1.5_350.0_var.smearCMS.root,40000,70830632,existing target(s): /home/apapaefs/Projects/QuadrupleHiggsAnalysis/HerwigSignalPoints/c3d4_40k/HW-run_gg_4h_5_1.5_350.0.in
skipped_existing,/home/apapaefs/Projects/QuadrupleHiggsAnalysis/Signals/c3d4_40k/Events/run_gg_4h_5_10.5_-50.0,HW-run_gg_4h_5_10.5_-50.0,5,10.5,-50.0,/home/apapaefs/Projects/QuadrupleHiggsAnalysis/Signals/c3d4_40k/Events/run_gg_4h_5_10.5_-50.0/unweighted_events.lhe.gz,40000,/home/apapaefs/Projects/QuadrupleHiggsAnalysis/HerwigSignalPoints/c3d4_40k/HW-run_gg_4h_5_10.5_-50.0.in,/home/apapaefs/Projects/QuadrupleHiggsAnalysis/HerwigSignalPoints/c3d4_40k/HW-run_gg_4h_5_10.5_-50.0.run,/home/apapaefs/Projects/QuadrupleHiggsAnalysis/HerwigSignalPoints/c3d4_40k/events/HW-run_gg_4h_5_10.5_-50.0.root,/home/apapaefs/Projects/QuadrupleHiggsAnalysis/HerwigSignalPoints/c3d4_40k/events/HW-run_gg_4h_5_10.5_-50.0_var.smearCMS.root,40000,53636598,existing target(s): /home/apapaefs/Projects/QuadrupleHiggsAnalysis/HerwigSignalPoints/c3d4_40k/HW-run_gg_4h_5_10.5_-50.0.in
skipped_existing,/home/apapaefs/Projects/QuadrupleHiggsAnalysis/Signals/c3d4_40k/Events/run_gg_4h_5_10.5_50.0,HW-run_gg_4h_5_10.5_50.0,5,10.5,50.0,/home/apapaefs/Projects/QuadrupleHiggsAnalysis/Signals/c3d4_40k/Events/run_gg_4h_5_10.5_50.0/unweighted_events.lhe.gz,40000,/home/apapaefs/Projects/QuadrupleHiggsAnalysis/HerwigSignalPoints/c3d4_40k/HW-run_gg_4h_5_10.5_50.0.in,/home/apapaefs/Projects/QuadrupleHiggsAnalysis/HerwigSignalPoints/c3d4_40k/HW-run_gg_4h_5_10.5_50.0.run,/home/apapaefs/Projects/QuadrupleHiggsAnalysis/HerwigSignalPoints/c3d4_40k/events/HW-run_gg_4h_5_10.5_50.0.root,/home/apapaefs/Projects/QuadrupleHiggsAnalysis/HerwigSignalPoints/c3d4_40k/events/HW-run_gg_4h_5_10.5_50.0_var.smearCMS.root,40000,78774979,existing target(s): /home/apapaefs/Projects/QuadrupleHiggsAnalysis/HerwigSignalPoints/c3d4_40k/HW-run_gg_4h_5_10.5_50.0.in
skipped_existing,/home/apapaefs/Projects/QuadrupleHiggsAnalysis/Signals/c3d4_40k/Events/run_gg_4h_5_12.0_-100.0,HW-run_gg_4h_5_12.0_-100.0,5,12.0,-100.0,/home/apapaefs/Projects/QuadrupleHiggsAnalysis/Signals/c3d4_40k/Events/run_gg_4h_5_12.0_-100.0/unweighted_events.lhe.gz,40000,/home/apapaefs/Projects/QuadrupleHiggsAnalysis/HerwigSignalPoints/c3d4_40k/HW-run_gg_4h_5_12.0_-100.0.in,/home/apapaefs/Projects/QuadrupleHiggsAnalysis/HerwigSignalPoints/c3d4_40k/HW-run_gg_4h_5_12.0_-100.0.run,/home/apapaefs/Projects/QuadrupleHiggsAnalysis/HerwigSignalPoints/c3d4_40k/events/HW-run_gg_4h_5_12.0_-100.0.root,/home/apapaefs/Projects/QuadrupleHiggsAnalysis/HerwigSignalPoints/c3d4_40k/events/HW-run_gg_4h_5_12.0_-100.0_var.smearCMS.root,40000,82186209,existing target(s): /home/apapaefs/Projects/QuadrupleHiggsAnalysis/HerwigSignalPoints/c3d4_40k/HW-run_gg_4h_5_12.0_-100.0.in
skipped_existing,/home/apapaefs/Projects/QuadrupleHiggsAnalysis/Signals/c3d4_40k/Events/run_gg_4h_5_12.0_-200.0,HW-run_gg_4h_5_12.0_-200.0,5,12.0,-200.0,/home/apapaefs/Projects/QuadrupleHiggsAnalysis/Signals/c3d4_40k/Events/run_gg_4h_5_12.0_-200.0/unweighted_events.lhe.gz,40000,/home/apapaefs/Projects/QuadrupleHiggsAnalysis/HerwigSignalPoints/c3d4_40k/HW-run_gg_4h_5_12.0_-200.0.in,/home/apapaefs/Projects/QuadrupleHiggsAnalysis/HerwigSignalPoints/c3d4_40k/HW-run_gg_4h_5_12.0_-200.0.run,/home/apapaefs/Projects/QuadrupleHiggsAnalysis/HerwigSignalPoints/c3d4_40k/events/HW-run_gg_4h_5_12.0_-200.0.root,/home/apapaefs/Projects/QuadrupleHiggsAnalysis/HerwigSignalPoints/c3d4_40k/events/HW-run_gg_4h_5_12.0_-200.0_var.smearCMS.root,40000,103583943,existing target(s): /home/apapaefs/Projects/QuadrupleHiggsAnalysis/HerwigSignalPoints/c3d4_40k/HW-run_gg_4h_5_12.0_-200.0.in
skipped_existing,/home/apapaefs/Projects/QuadrupleHiggsAnalysis/Signals/c3d4_40k/Events/run_gg_4h_5_12.0_-300.0,HW-run_gg_4h_5_12.0_-300.0,5,12.0,-300.0,/home/apapaefs/Projects/QuadrupleHiggsAnalysis/Signals/c3d4_40k/Events/run_gg_4h_5_12.0_-300.0/unweighted_events.lhe.gz,40000,/home/apapaefs/Projects/QuadrupleHiggsAnalysis/HerwigSignalPoints/c3d4_40k/HW-run_gg_4h_5_12.0_-300.0.in,/home/apapaefs/Projects/QuadrupleHiggsAnalysis/HerwigSignalPoints/c3d4_40k/HW-run_gg_4h_5_12.0_-300.0.run,/home/apapaefs/Projects/QuadrupleHiggsAnalysis/HerwigSignalPoints/c3d4_40k/events/HW-run_gg_4h_5_12.0_-300.0.root,/home/apapaefs/Projects/QuadrupleHiggsAnalysis/HerwigSignalPoints/c3d4_40k/events/HW-run_gg_4h_5_12.0_-300.0_var.smearCMS.root,40000,84651618,existing target(s): /home/apapaefs/Projects/QuadrupleHiggsAnalysis/HerwigSignalPoints/c3d4_40k/HW-run_gg_4h_5_12.0_-300.0.in
skipped_existing,/home/apapaefs/Projects/QuadrupleHiggsAnalysis/Signals/c3d4_40k/Events/run_gg_4h_5_12.0_0.0,HW-run_gg_4h_5_12.0_0.0,5,12.0,0.0,/home/apapaefs/Projects/QuadrupleHiggsAnalysis/Signals/c3d4_40k/Events/run_gg_4h_5_12.0_0.0/unweighted_events.lhe.gz,40000,/home/apapaefs/Projects/QuadrupleHiggsAnalysis/HerwigSignalPoints/c3d4_40k/HW-run_gg_4h_5_12.0_0.0.in,/home/apapaefs/Projects/QuadrupleHiggsAnalysis/HerwigSignalPoints/c3d4_40k/HW-run_gg_4h_5_12.0_0.0.run,/home/apapaefs/Projects/QuadrupleHiggsAnalysis/HerwigSignalPoints/c3d4_40k/events/HW-run_gg_4h_5_12.0_0.0.root,/home/apapaefs/Projects/QuadrupleHiggsAnalysis/HerwigSignalPoints/c3d4_40k/events/HW-run_gg_4h_5_12.0_0.0_var.smearCMS.root,40000,98244407,existing target(s): /home/apapaefs/Projects/QuadrupleHiggsAnalysis/HerwigSignalPoints/c3d4_40k/HW-run_gg_4h_5_12.0_0.0.in
skipped_existing,/home/apapaefs/Projects/QuadrupleHiggsAnalysis/Signals/c3d4_40k/Events/run_gg_4h_5_12.0_100.0,HW-run_gg_4h_5_12.0_100.0,5,12.0,100.0,/home/apapaefs/Projects/QuadrupleHiggsAnalysis/Signals/c3d4_40k/Events/run_gg_4h_5_12.0_100.0/unweighted_events.lhe.gz,40000,/home/apapaefs/Projects/QuadrupleHiggsAnalysis/HerwigSignalPoints/c3d4_40k/HW-run_gg_4h_5_12.0_100.0.in,/home/apapaefs/Projects/QuadrupleHiggsAnalysis/HerwigSignalPoints/c3d4_40k/HW-run_gg_4h_5_12.0_100.0.run,/home/apapaefs/Projects/QuadrupleHiggsAnalysis/HerwigSignalPoints/c3d4_40k/events/HW-run_gg_4h_5_12.0_100.0.root,/home/apapaefs/Projects/QuadrupleHiggsAnalysis/HerwigSignalPoints/c3d4_40k/events/HW-run_gg_4h_5_12.0_100.0_var.smearCMS.root,40000,75411043,existing target(s): /home/apapaefs/Projects/QuadrupleHiggsAnalysis/HerwigSignalPoints/c3d4_40k/HW-run_gg_4h_5_12.0_100.0.in
skipped_existing,/home/apapaefs/Projects/QuadrupleHiggsAnalysis/Signals/c3d4_40k/Events/run_gg_4h_5_12.0_200.0,HW-run_gg_4h_5_12.0_200.0,5,12.0,200.0,/home/apapaefs/Projects/QuadrupleHiggsAnalysis/Signals/c3d4_40k/Events/run_gg_4h_5_12.0_200.0/unweighted_events.lhe.gz,40000,/home/apapaefs/Projects/QuadrupleHiggsAnalysis/HerwigSignalPoints/c3d4_40k/HW-run_gg_4h_5_12.0_200.0.in,/home/apapaefs/Projects/QuadrupleHiggsAnalysis/HerwigSignalPoints/c3d4_40k/HW-run_gg_4h_5_12.0_200.0.run,/home/apapaefs/Projects/QuadrupleHiggsAnalysis/HerwigSignalPoints/c3d4_40k/events/HW-run_gg_4h_5_12.0_200.0.root,/home/apapaefs/Projects/QuadrupleHiggsAnalysis/HerwigSignalPoints/c3d4_40k/events/HW-run_gg_4h_5_12.0_200.0_var.smearCMS.root,40000,108356938,existing target(s): /home/apapaefs/Projects/QuadrupleHiggsAnalysis/HerwigSignalPoints/c3d4_40k/HW-run_gg_4h_5_12.0_200.0.in
skipped_existing,/home/apapaefs/Projects/QuadrupleHiggsAnalysis/Signals/c3d4_40k/Events/run_gg_4h_5_12.0_300.0,HW-run_gg_4h_5_12.0_300.0,5,12.0,300.0,/home/apapaefs/Projects/QuadrupleHiggsAnalysis/Signals/c3d4_40k/Events/run_gg_4h_5_12.0_300.0/unweighted_events.lhe.gz,40000,/home/apapaefs/Projects/QuadrupleHiggsAnalysis/HerwigSignalPoints/c3d4_40k/HW-run_gg_4h_5_12.0_300.0.in,/home/apapaefs/Projects/QuadrupleHiggsAnalysis/HerwigSignalPoints/c3d4_40k/HW-run_gg_4h_5_12.0_300.0.run,/home/apapaefs/Projects/QuadrupleHiggsAnalysis/HerwigSignalPoints/c3d4_40k/events/HW-run_gg_4h_5_12.0_300.0.root,/home/apapaefs/Projects/QuadrupleHiggsAnalysis/HerwigSignalPoints/c3d4_40k/events/HW-run_gg_4h_5_12.0_300.0_var.smearCMS.root,40000,68057085,existing target(s): /home/apapaefs/Projects/QuadrupleHiggsAnalysis/HerwigSignalPoints/c3d4_40k/HW-run_gg_4h_5_12.0_300.0.in
skipped_existing,/home/apapaefs/Projects/QuadrupleHiggsAnalysis/Signals/c3d4_40k/Events/run_gg_4h_5_15.0_0.0,HW-run_gg_4h_5_15.0_0.0,5,15.0,0.0,/home/apapaefs/Projects/QuadrupleHiggsAnalysis/Signals/c3d4_40k/Events/run_gg_4h_5_15.0_0.0/unweighted_events.lhe.gz,40000,/home/apapaefs/Projects/QuadrupleHiggsAnalysis/HerwigSignalPoints/c3d4_40k/HW-run_gg_4h_5_15.0_0.0.in,/home/apapaefs/Projects/QuadrupleHiggsAnalysis/HerwigSignalPoints/c3d4_40k/HW-run_gg_4h_5_15.0_0.0.run,/home/apapaefs/Projects/QuadrupleHiggsAnalysis/HerwigSignalPoints/c3d4_40k/events/HW-run_gg_4h_5_15.0_0.0.root,/home/apapaefs/Projects/QuadrupleHiggsAnalysis/HerwigSignalPoints/c3d4_40k/events/HW-run_gg_4h_5_15.0_0.0_var.smearCMS.root,40000,34360505,existing target(s): /home/apapaefs/Projects/QuadrupleHiggsAnalysis/HerwigSignalPoints/c3d4_40k/HW-run_gg_4h_5_15.0_0.0.in
skipped_existing,/home/apapaefs/Projects/QuadrupleHiggsAnalysis/Signals/c3d4_40k/Events/run_gg_4h_5_21.2132_-700.0,HW-run_gg_4h_5_21.2132_-700.0,5,21.2132,-700.0,/home/apapaefs/Projects/QuadrupleHiggsAnalysis/Signals/c3d4_40k/Events/run_gg_4h_5_21.2132_-700.0/unweighted_events.lhe.gz,40000,/home/apapaefs/Projects/QuadrupleHiggsAnalysis/HerwigSignalPoints/c3d4_40k/HW-run_gg_4h_5_21.2132_-700.0.in,/home/apapaefs/Projects/QuadrupleHiggsAnalysis/HerwigSignalPoints/c3d4_40k/HW-run_gg_4h_5_21.2132_-700.0.run,/home/apapaefs/Projects/QuadrupleHiggsAnalysis/HerwigSignalPoints/c3d4_40k/events/HW-run_gg_4h_5_21.2132_-700.0.root,/home/apapaefs/Projects/QuadrupleHiggsAnalysis/HerwigSignalPoints/c3d4_40k/events/HW-run_gg_4h_5_21.2132_-700.0_var.smearCMS.root,40000,93859591,existing target(s): /home/apapaefs/Projects/QuadrupleHiggsAnalysis/HerwigSignalPoints/c3d4_40k/HW-run_gg_4h_5_21.2132_-700.0.in
skipped_existing,/home/apapaefs/Projects/QuadrupleHiggsAnalysis/Signals/c3d4_40k/Events/run_gg_4h_5_21.2132_700.0,HW-run_gg_4h_5_21.2132_700.0,5,21.2132,700.0,/home/apapaefs/Projects/QuadrupleHiggsAnalysis/Signals/c3d4_40k/Events/run_gg_4h_5_21.2132_700.0/unweighted_events.lhe.gz,40000,/home/apapaefs/Projects/QuadrupleHiggsAnalysis/HerwigSignalPoints/c3d4_40k/HW-run_gg_4h_5_21.2132_700.0.in,/home/apapaefs/Projects/QuadrupleHiggsAnalysis/HerwigSignalPoints/c3d4_40k/HW-run_gg_4h_5_21.2132_700.0.run,/home/apapaefs/Projects/QuadrupleHiggsAnalysis/HerwigSignalPoints/c3d4_40k/events/HW-run_gg_4h_5_21.2132_700.0.root,/home/apapaefs/Projects/QuadrupleHiggsAnalysis/HerwigSignalPoints/c3d4_40k/events/HW-run_gg_4h_5_21.2132_700.0_var.smearCMS.root,40000,128964674,existing target(s): /home/apapaefs/Projects/QuadrupleHiggsAnalysis/HerwigSignalPoints/c3d4_40k/HW-run_gg_4h_5_21.2132_700.0.in
skipped_existing,/home/apapaefs/Projects/QuadrupleHiggsAnalysis/Signals/c3d4_40k/Events/run_gg_4h_5_25.9808_0.0,HW-run_gg_4h_5_25.9808_0.0,5,25.9808,0.0,/home/apapaefs/Projects/QuadrupleHiggsAnalysis/Signals/c3d4_40k/Events/run_gg_4h_5_25.9808_0.0/unweighted_events.lhe.gz,40000,/home/apapaefs/Projects/QuadrupleHiggsAnalysis/HerwigSignalPoints/c3d4_40k/HW-run_gg_4h_5_25.9808_0.0.in,/home/apapaefs/Projects/QuadrupleHiggsAnalysis/HerwigSignalPoints/c3d4_40k/HW-run_gg_4h_5_25.9808_0.0.run,/home/apapaefs/Projects/QuadrupleHiggsAnalysis/HerwigSignalPoints/c3d4_40k/events/HW-run_gg_4h_5_25.9808_0.0.root,/home/apapaefs/Projects/QuadrupleHiggsAnalysis/HerwigSignalPoints/c3d4_40k/events/HW-run_gg_4h_5_25.9808_0.0_var.smearCMS.root,40000,49812620,existing target(s): /home/apapaefs/Projects/QuadrupleHiggsAnalysis/HerwigSignalPoints/c3d4_40k/HW-run_gg_4h_5_25.9808_0.0.in
skipped_existing,/home/apapaefs/Projects/QuadrupleHiggsAnalysis/Signals/c3d4_40k/Events/run_gg_4h_5_3.0_-100.0,HW-run_gg_4h_5_3.0_-100.0,5,3.0,-100.0,/home/apapaefs/Projects/QuadrupleHiggsAnalysis/Signals/c3d4_40k/Events/run_gg_4h_5_3.0_-100.0/unweighted_events.lhe.gz,40000,/home/apapaefs/Projects/QuadrupleHiggsAnalysis/HerwigSignalPoints/c3d4_40k/HW-run_gg_4h_5_3.0_-100.0.in,/home/apapaefs/Projects/QuadrupleHiggsAnalysis/HerwigSignalPoints/c3d4_40k/HW-run_gg_4h_5_3.0_-100.0.run,/home/apapaefs/Projects/QuadrupleHiggsAnalysis/HerwigSignalPoints/c3d4_40k/events/HW-run_gg_4h_5_3.0_-100.0.root,/home/apapaefs/Projects/QuadrupleHiggsAnalysis/HerwigSignalPoints/c3d4_40k/events/HW-run_gg_4h_5_3.0_-100.0_var.smearCMS.root,40000,130324541,existing target(s): /home/apapaefs/Projects/QuadrupleHiggsAnalysis/HerwigSignalPoints/c3d4_40k/HW-run_gg_4h_5_3.0_-100.0.in
skipped_existing,/home/apapaefs/Projects/QuadrupleHiggsAnalysis/Signals/c3d4_40k/Events/run_gg_4h_5_3.0_-200.0,HW-run_gg_4h_5_3.0_-200.0,5,3.0,-200.0,/home/apapaefs/Projects/QuadrupleHiggsAnalysis/Signals/c3d4_40k/Events/run_gg_4h_5_3.0_-200.0/unweighted_events.lhe.gz,40000,/home/apapaefs/Projects/QuadrupleHiggsAnalysis/HerwigSignalPoints/c3d4_40k/HW-run_gg_4h_5_3.0_-200.0.in,/home/apapaefs/Projects/QuadrupleHiggsAnalysis/HerwigSignalPoints/c3d4_40k/HW-run_gg_4h_5_3.0_-200.0.run,/home/apapaefs/Projects/QuadrupleHiggsAnalysis/HerwigSignalPoints/c3d4_40k/events/HW-run_gg_4h_5_3.0_-200.0.root,/home/apapaefs/Projects/QuadrupleHiggsAnalysis/HerwigSignalPoints/c3d4_40k/events/HW-run_gg_4h_5_3.0_-200.0_var.smearCMS.root,40000,99051627,existing target(s): /home/apapaefs/Projects/QuadrupleHiggsAnalysis/HerwigSignalPoints/c3d4_40k/HW-run_gg_4h_5_3.0_-200.0.in
skipped_existing,/home/apapaefs/Projects/QuadrupleHiggsAnalysis/Signals/c3d4_40k/Events/run_gg_4h_5_3.0_-300.0,HW-run_gg_4h_5_3.0_-300.0,5,3.0,-300.0,/home/apapaefs/Projects/QuadrupleHiggsAnalysis/Signals/c3d4_40k/Events/run_gg_4h_5_3.0_-300.0/unweighted_events.lhe.gz,40000,/home/apapaefs/Projects/QuadrupleHiggsAnalysis/HerwigSignalPoints/c3d4_40k/HW-run_gg_4h_5_3.0_-300.0.in,/home/apapaefs/Projects/QuadrupleHiggsAnalysis/HerwigSignalPoints/c3d4_40k/HW-run_gg_4h_5_3.0_-300.0.run,/home/apapaefs/Projects/QuadrupleHiggsAnalysis/HerwigSignalPoints/c3d4_40k/events/HW-run_gg_4h_5_3.0_-300.0.root,/home/apapaefs/Projects/QuadrupleHiggsAnalysis/HerwigSignalPoints/c3d4_40k/events/HW-run_gg_4h_5_3.0_-300.0_var.smearCMS.root,40000,71584617,existing target(s): /home/apapaefs/Projects/QuadrupleHiggsAnalysis/HerwigSignalPoints/c3d4_40k/HW-run_gg_4h_5_3.0_-300.0.in
skipped_existing,/home/apapaefs/Projects/QuadrupleHiggsAnalysis/Signals/c3d4_40k/Events/run_gg_4h_5_3.0_-350.0,HW-run_gg_4h_5_3.0_-350.0,5,3.0,-350.0,/home/apapaefs/Projects/QuadrupleHiggsAnalysis/Signals/c3d4_40k/Events/run_gg_4h_5_3.0_-350.0/unweighted_events.lhe.gz,40000,/home/apapaefs/Projects/QuadrupleHiggsAnalysis/HerwigSignalPoints/c3d4_40k/HW-run_gg_4h_5_3.0_-350.0.in,/home/apapaefs/Projects/QuadrupleHiggsAnalysis/HerwigSignalPoints/c3d4_40k/HW-run_gg_4h_5_3.0_-350.0.run,/home/apapaefs/Projects/QuadrupleHiggsAnalysis/HerwigSignalPoints/c3d4_40k/events/HW-run_gg_4h_5_3.0_-350.0.root,/home/apapaefs/Projects/QuadrupleHiggsAnalysis/HerwigSignalPoints/c3d4_40k/events/HW-run_gg_4h_5_3.0_-350.0_var.smearCMS.root,40000,92333603,existing target(s): /home/apapaefs/Projects/QuadrupleHiggsAnalysis/HerwigSignalPoints/c3d4_40k/HW-run_gg_4h_5_3.0_-350.0.in
skipped_existing,/home/apapaefs/Projects/QuadrupleHiggsAnalysis/Signals/c3d4_40k/Events/run_gg_4h_5_3.0_0.0,HW-run_gg_4h_5_3.0_0.0,5,3.0,0.0,/home/apapaefs/Projects/QuadrupleHiggsAnalysis/Signals/c3d4_40k/Events/run_gg_4h_5_3.0_0.0/unweighted_events.lhe.gz,40000,/home/apapaefs/Projects/QuadrupleHiggsAnalysis/HerwigSignalPoints/c3d4_40k/HW-run_gg_4h_5_3.0_0.0.in,/home/apapaefs/Projects/QuadrupleHiggsAnalysis/HerwigSignalPoints/c3d4_40k/HW-run_gg_4h_5_3.0_0.0.run,/home/apapaefs/Projects/QuadrupleHiggsAnalysis/HerwigSignalPoints/c3d4_40k/events/HW-run_gg_4h_5_3.0_0.0.root,/home/apapaefs/Projects/QuadrupleHiggsAnalysis/HerwigSignalPoints/c3d4_40k/events/HW-run_gg_4h_5_3.0_0.0_var.smearCMS.root,40000,130195718,existing target(s): /home/apapaefs/Projects/QuadrupleHiggsAnalysis/HerwigSignalPoints/c3d4_40k/HW-run_gg_4h_5_3.0_0.0.in
skipped_existing,/home/apapaefs/Projects/QuadrupleHiggsAnalysis/Signals/c3d4_40k/Events/run_gg_4h_5_3.0_100.0,HW-run_gg_4h_5_3.0_100.0,5,3.0,100.0,/home/apapaefs/Projects/QuadrupleHiggsAnalysis/Signals/c3d4_40k/Events/run_gg_4h_5_3.0_100.0/unweighted_events.lhe.gz,40000,/home/apapaefs/Projects/QuadrupleHiggsAnalysis/HerwigSignalPoints/c3d4_40k/HW-run_gg_4h_5_3.0_100.0.in,/home/apapaefs/Projects/QuadrupleHiggsAnalysis/HerwigSignalPoints/c3d4_40k/HW-run_gg_4h_5_3.0_100.0.run,/home/apapaefs/Projects/QuadrupleHiggsAnalysis/HerwigSignalPoints/c3d4_40k/events/HW-run_gg_4h_5_3.0_100.0.root,/home/apapaefs/Projects/QuadrupleHiggsAnalysis/HerwigSignalPoints/c3d4_40k/events/HW-run_gg_4h_5_3.0_100.0_var.smearCMS.root,40000,122720787,existing target(s): /home/apapaefs/Projects/QuadrupleHiggsAnalysis/HerwigSignalPoints/c3d4_40k/HW-run_gg_4h_5_3.0_100.0.in
skipped_existing,/home/apapaefs/Projects/QuadrupleHiggsAnalysis/Signals/c3d4_40k/Events/run_gg_4h_5_3.0_200.0,HW-run_gg_4h_5_3.0_200.0,5,3.0,200.0,/home/apapaefs/Projects/QuadrupleHiggsAnalysis/Signals/c3d4_40k/Events/run_gg_4h_5_3.0_200.0/unweighted_events.lhe.gz,40000,/home/apapaefs/Projects/QuadrupleHiggsAnalysis/HerwigSignalPoints/c3d4_40k/HW-run_gg_4h_5_3.0_200.0.in,/home/apapaefs/Projects/QuadrupleHiggsAnalysis/HerwigSignalPoints/c3d4_40k/HW-run_gg_4h_5_3.0_200.0.run,/home/apapaefs/Projects/QuadrupleHiggsAnalysis/HerwigSignalPoints/c3d4_40k/events/HW-run_gg_4h_5_3.0_200.0.root,/home/apapaefs/Projects/QuadrupleHiggsAnalysis/HerwigSignalPoints/c3d4_40k/events/HW-run_gg_4h_5_3.0_200.0_var.smearCMS.root,40000,120174393,existing target(s): /home/apapaefs/Projects/QuadrupleHiggsAnalysis/HerwigSignalPoints/c3d4_40k/HW-run_gg_4h_5_3.0_200.0.in
skipped_existing,/home/apapaefs/Projects/QuadrupleHiggsAnalysis/Signals/c3d4_40k/Events/run_gg_4h_5_3.0_300.0,HW-run_gg_4h_5_3.0_300.0,5,3.0,300.0,/home/apapaefs/Projects/QuadrupleHiggsAnalysis/Signals/c3d4_40k/Events/run_gg_4h_5_3.0_300.0/unweighted_events.lhe.gz,40000,/home/apapaefs/Projects/QuadrupleHiggsAnalysis/HerwigSignalPoints/c3d4_40k/HW-run_gg_4h_5_3.0_300.0.in,/home/apapaefs/Projects/QuadrupleHiggsAnalysis/HerwigSignalPoints/c3d4_40k/HW-run_gg_4h_5_3.0_300.0.run,/home/apapaefs/Projects/QuadrupleHiggsAnalysis/HerwigSignalPoints/c3d4_40k/events/HW-run_gg_4h_5_3.0_300.0.root,/home/apapaefs/Projects/QuadrupleHiggsAnalysis/HerwigSignalPoints/c3d4_40k/events/HW-run_gg_4h_5_3.0_300.0_var.smearCMS.root,40000,111152061,existing target(s): /home/apapaefs/Projects/QuadrupleHiggsAnalysis/HerwigSignalPoints/c3d4_40k/HW-run_gg_4h_5_3.0_300.0.in
skipped_existing,/home/apapaefs/Projects/QuadrupleHiggsAnalysis/Signals/c3d4_40k/Events/run_gg_4h_5_3.0_350.0,HW-run_gg_4h_5_3.0_350.0,5,3.0,350.0,/home/apapaefs/Projects/QuadrupleHiggsAnalysis/Signals/c3d4_40k/Events/run_gg_4h_5_3.0_350.0/unweighted_events.lhe.gz,40000,/home/apapaefs/Projects/QuadrupleHiggsAnalysis/HerwigSignalPoints/c3d4_40k/HW-run_gg_4h_5_3.0_350.0.in,/home/apapaefs/Projects/QuadrupleHiggsAnalysis/HerwigSignalPoints/c3d4_40k/HW-run_gg_4h_5_3.0_350.0.run,/home/apapaefs/Projects/QuadrupleHiggsAnalysis/HerwigSignalPoints/c3d4_40k/events/HW-run_gg_4h_5_3.0_350.0.root,/home/apapaefs/Projects/QuadrupleHiggsAnalysis/HerwigSignalPoints/c3d4_40k/events/HW-run_gg_4h_5_3.0_350.0_var.smearCMS.root,40000,118377939,existing target(s): /home/apapaefs/Projects/QuadrupleHiggsAnalysis/HerwigSignalPoints/c3d4_40k/HW-run_gg_4h_5_3.0_350.0.in
skipped_existing,/home/apapaefs/Projects/QuadrupleHiggsAnalysis/Signals/c3d4_40k/Events/run_gg_4h_5_30.0_-700.0,HW-run_gg_4h_5_30.0_-700.0,5,30.0,-700.0,/home/apapaefs/Projects/QuadrupleHiggsAnalysis/Signals/c3d4_40k/Events/run_gg_4h_5_30.0_-700.0/unweighted_events.lhe.gz,40000,/home/apapaefs/Projects/QuadrupleHiggsAnalysis/HerwigSignalPoints/c3d4_40k/HW-run_gg_4h_5_30.0_-700.0.in,/home/apapaefs/Projects/QuadrupleHiggsAnalysis/HerwigSignalPoints/c3d4_40k/HW-run_gg_4h_5_30.0_-700.0.run,/home/apapaefs/Projects/QuadrupleHiggsAnalysis/HerwigSignalPoints/c3d4_40k/events/HW-run_gg_4h_5_30.0_-700.0.root,/home/apapaefs/Projects/QuadrupleHiggsAnalysis/HerwigSignalPoints/c3d4_40k/events/HW-run_gg_4h_5_30.0_-700.0_var.smearCMS.root,40000,95082843,existing target(s): /home/apapaefs/Projects/QuadrupleHiggsAnalysis/HerwigSignalPoints/c3d4_40k/HW-run_gg_4h_5_30.0_-700.0.in
skipped_existing,/home/apapaefs/Projects/QuadrupleHiggsAnalysis/Signals/c3d4_40k/Events/run_gg_4h_5_30.0_0.0,HW-run_gg_4h_5_30.0_0.0,5,30.0,0.0,/home/apapaefs/Projects/QuadrupleHiggsAnalysis/Signals/c3d4_40k/Events/run_gg_4h_5_30.0_0.0/unweighted_events.lhe.gz,40000,/home/apapaefs/Projects/QuadrupleHiggsAnalysis/HerwigSignalPoints/c3d4_40k/HW-run_gg_4h_5_30.0_0.0.in,/home/apapaefs/Projects/QuadrupleHiggsAnalysis/HerwigSignalPoints/c3d4_40k/HW-run_gg_4h_5_30.0_0.0.run,/home/apapaefs/Projects/QuadrupleHiggsAnalysis/HerwigSignalPoints/c3d4_40k/events/HW-run_gg_4h_5_30.0_0.0.root,/home/apapaefs/Projects/QuadrupleHiggsAnalysis/HerwigSignalPoints/c3d4_40k/events/HW-run_gg_4h_5_30.0_0.0_var.smearCMS.root,40000,112758945,existing target(s): /home/apapaefs/Projects/QuadrupleHiggsAnalysis/HerwigSignalPoints/c3d4_40k/HW-run_gg_4h_5_30.0_0.0.in
skipped_existing,/home/apapaefs/Projects/QuadrupleHiggsAnalysis/Signals/c3d4_40k/Events/run_gg_4h_5_30.0_700.0,HW-run_gg_4h_5_30.0_700.0,5,30.0,700.0,/home/apapaefs/Projects/QuadrupleHiggsAnalysis/Signals/c3d4_40k/Events/run_gg_4h_5_30.0_700.0/unweighted_events.lhe.gz,40000,/home/apapaefs/Projects/QuadrupleHiggsAnalysis/HerwigSignalPoints/c3d4_40k/HW-run_gg_4h_5_30.0_700.0.in,/home/apapaefs/Projects/QuadrupleHiggsAnalysis/HerwigSignalPoints/c3d4_40k/HW-run_gg_4h_5_30.0_700.0.run,/home/apapaefs/Projects/QuadrupleHiggsAnalysis/HerwigSignalPoints/c3d4_40k/events/HW-run_gg_4h_5_30.0_700.0.root,/home/apapaefs/Projects/QuadrupleHiggsAnalysis/HerwigSignalPoints/c3d4_40k/events/HW-run_gg_4h_5_30.0_700.0_var.smearCMS.root,40000,36479639,existing target(s): /home/apapaefs/Projects/QuadrupleHiggsAnalysis/HerwigSignalPoints/c3d4_40k/HW-run_gg_4h_5_30.0_700.0.in
skipped_existing,/home/apapaefs/Projects/QuadrupleHiggsAnalysis/Signals/c3d4_40k/Events/run_gg_4h_5_4.5_-150.0,HW-run_gg_4h_5_4.5_-150.0,5,4.5,-150.0,/home/apapaefs/Projects/QuadrupleHiggsAnalysis/Signals/c3d4_40k/Events/run_gg_4h_5_4.5_-150.0/unweighted_events.lhe.gz,40000,/home/apapaefs/Projects/QuadrupleHiggsAnalysis/HerwigSignalPoints/c3d4_40k/HW-run_gg_4h_5_4.5_-150.0.in,/home/apapaefs/Projects/QuadrupleHiggsAnalysis/HerwigSignalPoints/c3d4_40k/HW-run_gg_4h_5_4.5_-150.0.run,/home/apapaefs/Projects/QuadrupleHiggsAnalysis/HerwigSignalPoints/c3d4_40k/events/HW-run_gg_4h_5_4.5_-150.0.root,/home/apapaefs/Projects/QuadrupleHiggsAnalysis/HerwigSignalPoints/c3d4_40k/events/HW-run_gg_4h_5_4.5_-150.0_var.smearCMS.root,40000,99219032,existing target(s): /home/apapaefs/Projects/QuadrupleHiggsAnalysis/HerwigSignalPoints/c3d4_40k/HW-run_gg_4h_5_4.5_-150.0.in
skipped_existing,/home/apapaefs/Projects/QuadrupleHiggsAnalysis/Signals/c3d4_40k/Events/run_gg_4h_5_4.5_-50.0,HW-run_gg_4h_5_4.5_-50.0,5,4.5,-50.0,/home/apapaefs/Projects/QuadrupleHiggsAnalysis/Signals/c3d4_40k/Events/run_gg_4h_5_4.5_-50.0/unweighted_events.lhe.gz,40000,/home/apapaefs/Projects/QuadrupleHiggsAnalysis/HerwigSignalPoints/c3d4_40k/HW-run_gg_4h_5_4.5_-50.0.in,/home/apapaefs/Projects/QuadrupleHiggsAnalysis/HerwigSignalPoints/c3d4_40k/HW-run_gg_4h_5_4.5_-50.0.run,/home/apapaefs/Projects/QuadrupleHiggsAnalysis/HerwigSignalPoints/c3d4_40k/events/HW-run_gg_4h_5_4.5_-50.0.root,/home/apapaefs/Projects/QuadrupleHiggsAnalysis/HerwigSignalPoints/c3d4_40k/events/HW-run_gg_4h_5_4.5_-50.0_var.smearCMS.root,40000,50236995,existing target(s): /home/apapaefs/Projects/QuadrupleHiggsAnalysis/HerwigSignalPoints/c3d4_40k/HW-run_gg_4h_5_4.5_-50.0.in
skipped_existing,/home/apapaefs/Projects/QuadrupleHiggsAnalysis/Signals/c3d4_40k/Events/run_gg_4h_5_4.5_150.0,HW-run_gg_4h_5_4.5_150.0,5,4.5,150.0,/home/apapaefs/Projects/QuadrupleHiggsAnalysis/Signals/c3d4_40k/Events/run_gg_4h_5_4.5_150.0/unweighted_events.lhe.gz,40000,/home/apapaefs/Projects/QuadrupleHiggsAnalysis/HerwigSignalPoints/c3d4_40k/HW-run_gg_4h_5_4.5_150.0.in,/home/apapaefs/Projects/QuadrupleHiggsAnalysis/HerwigSignalPoints/c3d4_40k/HW-run_gg_4h_5_4.5_150.0.run,/home/apapaefs/Projects/QuadrupleHiggsAnalysis/HerwigSignalPoints/c3d4_40k/events/HW-run_gg_4h_5_4.5_150.0.root,/home/apapaefs/Projects/QuadrupleHiggsAnalysis/HerwigSignalPoints/c3d4_40k/events/HW-run_gg_4h_5_4.5_150.0_var.smearCMS.root,40000,86278856,existing target(s): /home/apapaefs/Projects/QuadrupleHiggsAnalysis/HerwigSignalPoints/c3d4_40k/HW-run_gg_4h_5_4.5_150.0.in
skipped_existing,/home/apapaefs/Projects/QuadrupleHiggsAnalysis/Signals/c3d4_40k/Events/run_gg_4h_5_4.5_50.0,HW-run_gg_4h_5_4.5_50.0,5,4.5,50.0,/home/apapaefs/Projects/QuadrupleHiggsAnalysis/Signals/c3d4_40k/Events/run_gg_4h_5_4.5_50.0/unweighted_events.lhe.gz,40000,/home/apapaefs/Projects/QuadrupleHiggsAnalysis/HerwigSignalPoints/c3d4_40k/HW-run_gg_4h_5_4.5_50.0.in,/home/apapaefs/Projects/QuadrupleHiggsAnalysis/HerwigSignalPoints/c3d4_40k/HW-run_gg_4h_5_4.5_50.0.run,/home/apapaefs/Projects/QuadrupleHiggsAnalysis/HerwigSignalPoints/c3d4_40k/events/HW-run_gg_4h_5_4.5_50.0.root,/home/apapaefs/Projects/QuadrupleHiggsAnalysis/HerwigSignalPoints/c3d4_40k/events/HW-run_gg_4h_5_4.5_50.0_var.smearCMS.root,40000,97627113,existing target(s): /home/apapaefs/Projects/QuadrupleHiggsAnalysis/HerwigSignalPoints/c3d4_40k/HW-run_gg_4h_5_4.5_50.0.in
skipped_existing,/home/apapaefs/Projects/QuadrupleHiggsAnalysis/Signals/c3d4_40k/Events/run_gg_4h_5_6.0_-100.0,HW-run_gg_4h_5_6.0_-100.0,5,6.0,-100.0,/home/apapaefs/Projects/QuadrupleHiggsAnalysis/Signals/c3d4_40k/Events/run_gg_4h_5_6.0_-100.0/unweighted_events.lhe.gz,40000,/home/apapaefs/Projects/QuadrupleHiggsAnalysis/HerwigSignalPoints/c3d4_40k/HW-run_gg_4h_5_6.0_-100.0.in,/home/apapaefs/Projects/QuadrupleHiggsAnalysis/HerwigSignalPoints/c3d4_40k/HW-run_gg_4h_5_6.0_-100.0.run,/home/apapaefs/Projects/QuadrupleHiggsAnalysis/HerwigSignalPoints/c3d4_40k/events/HW-run_gg_4h_5_6.0_-100.0.root,/home/apapaefs/Projects/QuadrupleHiggsAnalysis/HerwigSignalPoints/c3d4_40k/events/HW-run_gg_4h_5_6.0_-100.0_var.smearCMS.root,40000,118382408,existing target(s): /home/apapaefs/Projects/QuadrupleHiggsAnalysis/HerwigSignalPoints/c3d4_40k/HW-run_gg_4h_5_6.0_-100.0.in
skipped_existing,/home/apapaefs/Projects/QuadrupleHiggsAnalysis/Signals/c3d4_40k/Events/run_gg_4h_5_6.0_-200.0,HW-run_gg_4h_5_6.0_-200.0,5,6.0,-200.0,/home/apapaefs/Projects/QuadrupleHiggsAnalysis/Signals/c3d4_40k/Events/run_gg_4h_5_6.0_-200.0/unweighted_events.lhe.gz,40000,/home/apapaefs/Projects/QuadrupleHiggsAnalysis/HerwigSignalPoints/c3d4_40k/HW-run_gg_4h_5_6.0_-200.0.in,/home/apapaefs/Projects/QuadrupleHiggsAnalysis/HerwigSignalPoints/c3d4_40k/HW-run_gg_4h_5_6.0_-200.0.run,/home/apapaefs/Projects/QuadrupleHiggsAnalysis/HerwigSignalPoints/c3d4_40k/events/HW-run_gg_4h_5_6.0_-200.0.root,/home/apapaefs/Projects/QuadrupleHiggsAnalysis/HerwigSignalPoints/c3d4_40k/events/HW-run_gg_4h_5_6.0_-200.0_var.smearCMS.root,40000,82917798,existing target(s): /home/apapaefs/Projects/QuadrupleHiggsAnalysis/HerwigSignalPoints/c3d4_40k/HW-run_gg_4h_5_6.0_-200.0.in
skipped_existing,/home/apapaefs/Projects/QuadrupleHiggsAnalysis/Signals/c3d4_40k/Events/run_gg_4h_5_6.0_-300.0,HW-run_gg_4h_5_6.0_-300.0,5,6.0,-300.0,/home/apapaefs/Projects/QuadrupleHiggsAnalysis/Signals/c3d4_40k/Events/run_gg_4h_5_6.0_-300.0/unweighted_events.lhe.gz,40000,/home/apapaefs/Projects/QuadrupleHiggsAnalysis/HerwigSignalPoints/c3d4_40k/HW-run_gg_4h_5_6.0_-300.0.in,/home/apapaefs/Projects/QuadrupleHiggsAnalysis/HerwigSignalPoints/c3d4_40k/HW-run_gg_4h_5_6.0_-300.0.run,/home/apapaefs/Projects/QuadrupleHiggsAnalysis/HerwigSignalPoints/c3d4_40k/events/HW-run_gg_4h_5_6.0_-300.0.root,/home/apapaefs/Projects/QuadrupleHiggsAnalysis/HerwigSignalPoints/c3d4_40k/events/HW-run_gg_4h_5_6.0_-300.0_var.smearCMS.root,40000,57901182,existing target(s): /home/apapaefs/Projects/QuadrupleHiggsAnalysis/HerwigSignalPoints/c3d4_40k/HW-run_gg_4h_5_6.0_-300.0.in
skipped_existing,/home/apapaefs/Projects/QuadrupleHiggsAnalysis/Signals/c3d4_40k/Events/run_gg_4h_5_6.0_0.0,HW-run_gg_4h_5_6.0_0.0,5,6.0,0.0,/home/apapaefs/Projects/QuadrupleHiggsAnalysis/Signals/c3d4_40k/Events/run_gg_4h_5_6.0_0.0/unweighted_events.lhe.gz,40000,/home/apapaefs/Projects/QuadrupleHiggsAnalysis/HerwigSignalPoints/c3d4_40k/HW-run_gg_4h_5_6.0_0.0.in,/home/apapaefs/Projects/QuadrupleHiggsAnalysis/HerwigSignalPoints/c3d4_40k/HW-run_gg_4h_5_6.0_0.0.run,/home/apapaefs/Projects/QuadrupleHiggsAnalysis/HerwigSignalPoints/c3d4_40k/events/HW-run_gg_4h_5_6.0_0.0.root,/home/apapaefs/Projects/QuadrupleHiggsAnalysis/HerwigSignalPoints/c3d4_40k/events/HW-run_gg_4h_5_6.0_0.0_var.smearCMS.root,40000,43518377,existing target(s): /home/apapaefs/Projects/QuadrupleHiggsAnalysis/HerwigSignalPoints/c3d4_40k/HW-run_gg_4h_5_6.0_0.0.in
skipped_existing,/home/apapaefs/Projects/QuadrupleHiggsAnalysis/Signals/c3d4_40k/Events/run_gg_4h_5_6.0_100.0,HW-run_gg_4h_5_6.0_100.0,5,6.0,100.0,/home/apapaefs/Projects/QuadrupleHiggsAnalysis/Signals/c3d4_40k/Events/run_gg_4h_5_6.0_100.0/unweighted_events.lhe.gz,40000,/home/apapaefs/Projects/QuadrupleHiggsAnalysis/HerwigSignalPoints/c3d4_40k/HW-run_gg_4h_5_6.0_100.0.in,/home/apapaefs/Projects/QuadrupleHiggsAnalysis/HerwigSignalPoints/c3d4_40k/HW-run_gg_4h_5_6.0_100.0.run,/home/apapaefs/Projects/QuadrupleHiggsAnalysis/HerwigSignalPoints/c3d4_40k/events/HW-run_gg_4h_5_6.0_100.0.root,/home/apapaefs/Projects/QuadrupleHiggsAnalysis/HerwigSignalPoints/c3d4_40k/events/HW-run_gg_4h_5_6.0_100.0_var.smearCMS.root,40000,35504280,existing target(s): /home/apapaefs/Projects/QuadrupleHiggsAnalysis/HerwigSignalPoints/c3d4_40k/HW-run_gg_4h_5_6.0_100.0.in
skipped_existing,/home/apapaefs/Projects/QuadrupleHiggsAnalysis/Signals/c3d4_40k/Events/run_gg_4h_5_6.0_200.0,HW-run_gg_4h_5_6.0_200.0,5,6.0,200.0,/home/apapaefs/Projects/QuadrupleHiggsAnalysis/Signals/c3d4_40k/Events/run_gg_4h_5_6.0_200.0/unweighted_events.lhe.gz,40000,/home/apapaefs/Projects/QuadrupleHiggsAnalysis/HerwigSignalPoints/c3d4_40k/HW-run_gg_4h_5_6.0_200.0.in,/home/apapaefs/Projects/QuadrupleHiggsAnalysis/HerwigSignalPoints/c3d4_40k/HW-run_gg_4h_5_6.0_200.0.run,/home/apapaefs/Projects/QuadrupleHiggsAnalysis/HerwigSignalPoints/c3d4_40k/events/HW-run_gg_4h_5_6.0_200.0.root,/home/apapaefs/Projects/QuadrupleHiggsAnalysis/HerwigSignalPoints/c3d4_40k/events/HW-run_gg_4h_5_6.0_200.0_var.smearCMS.root,40000,33798382,existing target(s): /home/apapaefs/Projects/QuadrupleHiggsAnalysis/HerwigSignalPoints/c3d4_40k/HW-run_gg_4h_5_6.0_200.0.in
skipped_existing,/home/apapaefs/Projects/QuadrupleHiggsAnalysis/Signals/c3d4_40k/Events/run_gg_4h_5_6.0_300.0,HW-run_gg_4h_5_6.0_300.0,5,6.0,300.0,/home/apapaefs/Projects/QuadrupleHiggsAnalysis/Signals/c3d4_40k/Events/run_gg_4h_5_6.0_300.0/unweighted_events.lhe.gz,40000,/home/apapaefs/Projects/QuadrupleHiggsAnalysis/HerwigSignalPoints/c3d4_40k/HW-run_gg_4h_5_6.0_300.0.in,/home/apapaefs/Projects/QuadrupleHiggsAnalysis/HerwigSignalPoints/c3d4_40k/HW-run_gg_4h_5_6.0_300.0.run,/home/apapaefs/Projects/QuadrupleHiggsAnalysis/HerwigSignalPoints/c3d4_40k/events/HW-run_gg_4h_5_6.0_300.0.root,/home/apapaefs/Projects/QuadrupleHiggsAnalysis/HerwigSignalPoints/c3d4_40k/events/HW-run_gg_4h_5_6.0_300.0_var.smearCMS.root,40000,41790517,existing target(s): /home/apapaefs/Projects/QuadrupleHiggsAnalysis/HerwigSignalPoints/c3d4_40k/HW-run_gg_4h_5_6.0_300.0.in
skipped_existing,/home/apapaefs/Projects/QuadrupleHiggsAnalysis/Signals/c3d4_40k/Events/run_gg_4h_5_7.5_-50.0,HW-run_gg_4h_5_7.5_-50.0,5,7.5,-50.0,/home/apapaefs/Projects/QuadrupleHiggsAnalysis/Signals/c3d4_40k/Events/run_gg_4h_5_7.5_-50.0/unweighted_events.lhe.gz,40000,/home/apapaefs/Projects/QuadrupleHiggsAnalysis/HerwigSignalPoints/c3d4_40k/HW-run_gg_4h_5_7.5_-50.0.in,/home/apapaefs/Projects/QuadrupleHiggsAnalysis/HerwigSignalPoints/c3d4_40k/HW-run_gg_4h_5_7.5_-50.0.run,/home/apapaefs/Projects/QuadrupleHiggsAnalysis/HerwigSignalPoints/c3d4_40k/events/HW-run_gg_4h_5_7.5_-50.0.root,/home/apapaefs/Projects/QuadrupleHiggsAnalysis/HerwigSignalPoints/c3d4_40k/events/HW-run_gg_4h_5_7.5_-50.0_var.smearCMS.root,40000,122524233,existing target(s): /home/apapaefs/Projects/QuadrupleHiggsAnalysis/HerwigSignalPoints/c3d4_40k/HW-run_gg_4h_5_7.5_-50.0.in
skipped_existing,/home/apapaefs/Projects/QuadrupleHiggsAnalysis/Signals/c3d4_40k/Events/run_gg_4h_5_7.5_50.0,HW-run_gg_4h_5_7.5_50.0,5,7.5,50.0,/home/apapaefs/Projects/QuadrupleHiggsAnalysis/Signals/c3d4_40k/Events/run_gg_4h_5_7.5_50.0/unweighted_events.lhe.gz,40000,/home/apapaefs/Projects/QuadrupleHiggsAnalysis/HerwigSignalPoints/c3d4_40k/HW-run_gg_4h_5_7.5_50.0.in,/home/apapaefs/Projects/QuadrupleHiggsAnalysis/HerwigSignalPoints/c3d4_40k/HW-run_gg_4h_5_7.5_50.0.run,/home/apapaefs/Projects/QuadrupleHiggsAnalysis/HerwigSignalPoints/c3d4_40k/events/HW-run_gg_4h_5_7.5_50.0.root,/home/apapaefs/Projects/QuadrupleHiggsAnalysis/HerwigSignalPoints/c3d4_40k/events/HW-run_gg_4h_5_7.5_50.0_var.smearCMS.root,40000,109253246,existing target(s): /home/apapaefs/Projects/QuadrupleHiggsAnalysis/HerwigSignalPoints/c3d4_40k/HW-run_gg_4h_5_7.5_50.0.in
skipped_existing,/home/apapaefs/Projects/QuadrupleHiggsAnalysis/Signals/c3d4_40k/Events/run_gg_4h_5_9.0_-100.0,HW-run_gg_4h_5_9.0_-100.0,5,9.0,-100.0,/home/apapaefs/Projects/QuadrupleHiggsAnalysis/Signals/c3d4_40k/Events/run_gg_4h_5_9.0_-100.0/unweighted_events.lhe.gz,40000,/home/apapaefs/Projects/QuadrupleHiggsAnalysis/HerwigSignalPoints/c3d4_40k/HW-run_gg_4h_5_9.0_-100.0.in,/home/apapaefs/Projects/QuadrupleHiggsAnalysis/HerwigSignalPoints/c3d4_40k/HW-run_gg_4h_5_9.0_-100.0.run,/home/apapaefs/Projects/QuadrupleHiggsAnalysis/HerwigSignalPoints/c3d4_40k/events/HW-run_gg_4h_5_9.0_-100.0.root,/home/apapaefs/Projects/QuadrupleHiggsAnalysis/HerwigSignalPoints/c3d4_40k/events/HW-run_gg_4h_5_9.0_-100.0_var.smearCMS.root,40000,96272063,existing target(s): /home/apapaefs/Projects/QuadrupleHiggsAnalysis/HerwigSignalPoints/c3d4_40k/HW-run_gg_4h_5_9.0_-100.0.in
skipped_existing,/home/apapaefs/Projects/QuadrupleHiggsAnalysis/Signals/c3d4_40k/Events/run_gg_4h_5_9.0_-200.0,HW-run_gg_4h_5_9.0_-200.0,5,9.0,-200.0,/home/apapaefs/Projects/QuadrupleHiggsAnalysis/Signals/c3d4_40k/Events/run_gg_4h_5_9.0_-200.0/unweighted_events.lhe.gz,40000,/home/apapaefs/Projects/QuadrupleHiggsAnalysis/HerwigSignalPoints/c3d4_40k/HW-run_gg_4h_5_9.0_-200.0.in,/home/apapaefs/Projects/QuadrupleHiggsAnalysis/HerwigSignalPoints/c3d4_40k/HW-run_gg_4h_5_9.0_-200.0.run,/home/apapaefs/Projects/QuadrupleHiggsAnalysis/HerwigSignalPoints/c3d4_40k/events/HW-run_gg_4h_5_9.0_-200.0.root,/home/apapaefs/Projects/QuadrupleHiggsAnalysis/HerwigSignalPoints/c3d4_40k/events/HW-run_gg_4h_5_9.0_-200.0_var.smearCMS.root,40000,58090832,existing target(s): /home/apapaefs/Projects/QuadrupleHiggsAnalysis/HerwigSignalPoints/c3d4_40k/HW-run_gg_4h_5_9.0_-200.0.in
skipped_existing,/home/apapaefs/Projects/QuadrupleHiggsAnalysis/Signals/c3d4_40k/Events/run_gg_4h_5_9.0_-300.0,HW-run_gg_4h_5_9.0_-300.0,5,9.0,-300.0,/home/apapaefs/Projects/QuadrupleHiggsAnalysis/Signals/c3d4_40k/Events/run_gg_4h_5_9.0_-300.0/unweighted_events.lhe.gz,40000,/home/apapaefs/Projects/QuadrupleHiggsAnalysis/HerwigSignalPoints/c3d4_40k/HW-run_gg_4h_5_9.0_-300.0.in,/home/apapaefs/Projects/QuadrupleHiggsAnalysis/HerwigSignalPoints/c3d4_40k/HW-run_gg_4h_5_9.0_-300.0.run,/home/apapaefs/Projects/QuadrupleHiggsAnalysis/HerwigSignalPoints/c3d4_40k/events/HW-run_gg_4h_5_9.0_-300.0.root,/home/apapaefs/Projects/QuadrupleHiggsAnalysis/HerwigSignalPoints/c3d4_40k/events/HW-run_gg_4h_5_9.0_-300.0_var.smearCMS.root,40000,91439340,existing target(s): /home/apapaefs/Projects/QuadrupleHiggsAnalysis/HerwigSignalPoints/c3d4_40k/HW-run_gg_4h_5_9.0_-300.0.in
skipped_existing,/home/apapaefs/Projects/QuadrupleHiggsAnalysis/Signals/c3d4_40k/Events/run_gg_4h_5_9.0_0.0,HW-run_gg_4h_5_9.0_0.0,5,9.0,0.0,/home/apapaefs/Projects/QuadrupleHiggsAnalysis/Signals/c3d4_40k/Events/run_gg_4h_5_9.0_0.0/unweighted_events.lhe.gz,40000,/home/apapaefs/Projects/QuadrupleHiggsAnalysis/HerwigSignalPoints/c3d4_40k/HW-run_gg_4h_5_9.0_0.0.in,/home/apapaefs/Projects/QuadrupleHiggsAnalysis/HerwigSignalPoints/c3d4_40k/HW-run_gg_4h_5_9.0_0.0.run,/home/apapaefs/Projects/QuadrupleHiggsAnalysis/HerwigSignalPoints/c3d4_40k/events/HW-run_gg_4h_5_9.0_0.0.root,/home/apapaefs/Projects/QuadrupleHiggsAnalysis/HerwigSignalPoints/c3d4_40k/events/HW-run_gg_4h_5_9.0_0.0_var.smearCMS.root,40000,117483067,existing target(s): /home/apapaefs/Projects/QuadrupleHiggsAnalysis/HerwigSignalPoints/c3d4_40k/HW-run_gg_4h_5_9.0_0.0.in
skipped_existing,/home/apapaefs/Projects/QuadrupleHiggsAnalysis/Signals/c3d4_40k/Events/run_gg_4h_5_9.0_100.0,HW-run_gg_4h_5_9.0_100.0,5,9.0,100.0,/home/apapaefs/Projects/QuadrupleHiggsAnalysis/Signals/c3d4_40k/Events/run_gg_4h_5_9.0_100.0/unweighted_events.lhe.gz,40000,/home/apapaefs/Projects/QuadrupleHiggsAnalysis/HerwigSignalPoints/c3d4_40k/HW-run_gg_4h_5_9.0_100.0.in,/home/apapaefs/Projects/QuadrupleHiggsAnalysis/HerwigSignalPoints/c3d4_40k/HW-run_gg_4h_5_9.0_100.0.run,/home/apapaefs/Projects/QuadrupleHiggsAnalysis/HerwigSignalPoints/c3d4_40k/events/HW-run_gg_4h_5_9.0_100.0.root,/home/apapaefs/Projects/QuadrupleHiggsAnalysis/HerwigSignalPoints/c3d4_40k/events/HW-run_gg_4h_5_9.0_100.0_var.smearCMS.root,40000,41515548,existing target(s): /home/apapaefs/Projects/QuadrupleHiggsAnalysis/HerwigSignalPoints/c3d4_40k/HW-run_gg_4h_5_9.0_100.0.in
skipped_existing,/home/apapaefs/Projects/QuadrupleHiggsAnalysis/Signals/c3d4_40k/Events/run_gg_4h_5_9.0_200.0,HW-run_gg_4h_5_9.0_200.0,5,9.0,200.0,/home/apapaefs/Projects/QuadrupleHiggsAnalysis/Signals/c3d4_40k/Events/run_gg_4h_5_9.0_200.0/unweighted_events.lhe.gz,40000,/home/apapaefs/Projects/QuadrupleHiggsAnalysis/HerwigSignalPoints/c3d4_40k/HW-run_gg_4h_5_9.0_200.0.in,/home/apapaefs/Projects/QuadrupleHiggsAnalysis/HerwigSignalPoints/c3d4_40k/HW-run_gg_4h_5_9.0_200.0.run,/home/apapaefs/Projects/QuadrupleHiggsAnalysis/HerwigSignalPoints/c3d4_40k/events/HW-run_gg_4h_5_9.0_200.0.root,/home/apapaefs/Projects/QuadrupleHiggsAnalysis/HerwigSignalPoints/c3d4_40k/events/HW-run_gg_4h_5_9.0_200.0_var.smearCMS.root,40000,106998712,existing target(s): /home/apapaefs/Projects/QuadrupleHiggsAnalysis/HerwigSignalPoints/c3d4_40k/HW-run_gg_4h_5_9.0_200.0.in
skipped_existing,/home/apapaefs/Projects/QuadrupleHiggsAnalysis/Signals/c3d4_40k/Events/run_gg_4h_5_9.0_300.0,HW-run_gg_4h_5_9.0_300.0,5,9.0,300.0,/home/apapaefs/Projects/QuadrupleHiggsAnalysis/Signals/c3d4_40k/Events/run_gg_4h_5_9.0_300.0/unweighted_events.lhe.gz,40000,/home/apapaefs/Projects/QuadrupleHiggsAnalysis/HerwigSignalPoints/c3d4_40k/HW-run_gg_4h_5_9.0_300.0.in,/home/apapaefs/Projects/QuadrupleHiggsAnalysis/HerwigSignalPoints/c3d4_40k/HW-run_gg_4h_5_9.0_300.0.run,/home/apapaefs/Projects/QuadrupleHiggsAnalysis/HerwigSignalPoints/c3d4_40k/events/HW-run_gg_4h_5_9.0_300.0.root,/home/apapaefs/Projects/QuadrupleHiggsAnalysis/HerwigSignalPoints/c3d4_40k/events/HW-run_gg_4h_5_9.0_300.0_var.smearCMS.root,40000,56558391,existing target(s): /home/apapaefs/Projects/QuadrupleHiggsAnalysis/HerwigSignalPoints/c3d4_40k/HW-run_gg_4h_5_9.0_300.0.in
