{
  "status": "ok",
  "n_points": 57,
  "n_terms": 15,
  "rank": 15,
  "condition": 8.02140700649032,
  "chi2_dof": 108.89182125405593,
  "terms": [
    [
      0,
      0
    ],
    [
      1,
      0
    ],
    [
      2,
      0
    ],
    [
      3,
      0
    ],
    [
      4,
      0
    ],
    [
      5,
      0
    ],
    [
      6,
      0
    ],
    [
      0,
      1
    ],
    [
      1,
      1
    ],
    [
      2,
      1
    ],
    [
      3,
      1
    ],
    [
      4,
      1
    ],
    [
      0,
      2
    ],
    [
      1,
      2
    ],
    [
      2,
      2
    ]
  ],
  "k3_range": [
    -29.0,
    31.0
  ],
  "k4_range": [
    -699.0,
    701.0
  ],
  "coefficients": [
    1.6863397936645925,
    -0.1367982191070407,
    1.898931681426474,
    -0.07543639879883625,
    0.2610826913850005,
    -0.01481354878381573,
    0.040197934303637994,
    1.8359692991244434,
    -0.3907272701421851,
    2.4367298417981127,
    -0.13065964037673866,
    0.6005098416206767,
    1.224539885574938,
    0.015430404706039026,
    1.2162478579367217
  ],
  "singular_values": [
    919352443.801343,
    47496309.117712125,
    2313042.3925252506,
    428139.45305208483,
    61177.42069999596,
    20969.13110842149,
    18357.12721161554,
    3150.542092112169,
    1248.9747058547478,
    636.6110529182001,
    379.6802517065469,
    338.27072163582693,
    277.6629064798199,
    126.8365112405324,
    57.95902591099692
  ],
  "residual_rms": 0.13956250725562466,
  "max_abs_residual": 0.9428997368518672
}